Record_Date,Raw_pH,Raw_COD_mgL,Raw_BOD_mgL,Raw_TDS_mgL,Raw_TSS_mgL,Input_Lime_kg_m3,Input_Urea_kg_m3,Input_DAP_kg_m3,Output_Biogas_m3_m3,Final_pH,Final_COD_mgL,Final_BOD_mgL,Final_TDS_mgL,Final_TSS_mgL
2024-01-01,4.06,99257.0,47263.0,96908.0,19436.0,3.09,0.39,0.05,304.4,7.71,68.0,10.0,115.0,15.0
2024-01-02,4.47,117095.0,55585.0,101867.0,22471.0,3.21,0.25,0.07,354.33,7.33,78.0,9.0,58.0,5.0
2024-01-03,4.31,133647.0,72253.0,80019.0,21882.0,3.78,0.46,0.13,375.1,7.52,79.0,13.0,74.0,14.0
2024-01-04,4.22,126611.0,60135.0,94995.0,14001.0,3.01,0.38,0.13,411.63,7.24,102.0,13.0,127.0,9.0
2024-01-05,3.91,130328.0,62192.0,92870.0,13940.0,3.8,0.25,0.09,381.67,7.43,96.0,10.0,103.0,5.0
2024-01-06,3.91,122939.0,64659.0,103313.0,15486.0,2.63,0.49,0.09,370.33,7.14,115.0,22.0,143.0,12.0
2024-01-07,3.84,124614.0,61681.0,106243.0,16694.0,3.67,0.36,0.1,401.73,7.1,64.0,11.0,93.0,15.0
2024-01-08,4.41,132460.0,69895.0,70486.0,17310.0,3.77,0.22,0.05,385.45,7.38,109.0,20.0,137.0,15.0
2024-01-09,4.22,102483.0,46787.0,96961.0,20836.0,2.77,0.39,0.07,298.83,7.3,90.0,15.0,95.0,7.0
2024-01-10,4.3,114471.0,57093.0,72073.0,12737.0,3.15,0.28,0.07,290.0,7.38,101.0,14.0,148.0,7.0
2024-01-11,3.81,101060.0,45817.0,91954.0,12451.0,2.75,0.44,0.08,306.0,7.09,95.0,14.0,146.0,11.0
2024-01-12,4.48,139383.0,63596.0,81505.0,17095.0,3.56,0.45,0.13,374.98,7.17,120.0,20.0,83.0,11.0
2024-01-13,4.38,137203.0,74178.0,82271.0,21063.0,3.3,0.49,0.08,465.35,6.88,132.0,26.0,139.0,12.0
2024-01-14,3.95,91971.0,42668.0,84118.0,14515.0,3.45,0.35,0.07,232.22,6.85,61.0,8.0,135.0,7.0
2024-01-15,3.93,125279.0,63046.0,94852.0,20340.0,2.79,0.34,0.1,400.6,7.05,94.0,18.0,71.0,15.0
2024-01-16,3.93,136262.0,66920.0,83362.0,15378.0,2.82,0.43,0.14,437.96,6.87,69.0,13.0,112.0,11.0
2024-01-17,4.01,99029.0,48003.0,99308.0,23519.0,2.56,0.24,0.07,285.44,6.9,50.0,8.0,57.0,13.0
2024-01-18,4.17,118397.0,63933.0,86181.0,23644.0,2.98,0.36,0.06,398.65,7.61,73.0,14.0,134.0,10.0
2024-01-19,4.1,135774.0,61395.0,72734.0,15865.0,3.34,0.36,0.09,363.01,6.84,75.0,10.0,67.0,9.0
2024-01-20,4.0,91697.0,47351.0,101350.0,14990.0,3.79,0.23,0.12,321.42,7.46,58.0,11.0,57.0,15.0
2024-01-21,4.23,124871.0,68222.0,81430.0,17347.0,3.5,0.33,0.11,409.04,7.07,73.0,13.0,90.0,11.0
2024-01-22,3.9,104867.0,53065.0,87311.0,15127.0,3.15,0.46,0.13,354.66,7.67,54.0,6.0,108.0,14.0
2024-01-23,4.0,136220.0,74060.0,97418.0,20741.0,3.93,0.46,0.15,489.0,7.28,130.0,25.0,135.0,15.0
2024-01-24,4.06,138553.0,63073.0,83298.0,22739.0,3.58,0.23,0.13,367.15,7.11,70.0,10.0,147.0,12.0
2024-01-25,4.12,137213.0,67492.0,72263.0,20750.0,3.9,0.23,0.11,368.52,7.32,119.0,17.0,94.0,10.0
2024-01-26,4.35,113711.0,54128.0,84957.0,22717.0,3.29,0.28,0.1,314.6,7.18,66.0,10.0,56.0,5.0
2024-01-27,3.94,133102.0,69623.0,107778.0,17161.0,2.89,0.46,0.05,463.16,7.36,127.0,15.0,125.0,5.0
2024-01-28,4.16,132227.0,72478.0,95669.0,14032.0,2.58,0.24,0.15,395.39,6.91,125.0,18.0,107.0,7.0
2024-01-29,4.21,105955.0,50398.0,96859.0,21593.0,3.59,0.42,0.09,304.85,7.8,88.0,16.0,95.0,7.0
2024-01-30,3.83,131446.0,67749.0,95291.0,16686.0,2.68,0.23,0.07,447.97,7.23,110.0,11.0,81.0,8.0
2024-01-31,4.23,91850.0,43152.0,77960.0,20727.0,2.95,0.39,0.12,246.27,7.15,46.0,6.0,100.0,8.0
2024-02-01,3.92,119813.0,60689.0,86733.0,15518.0,3.3,0.31,0.08,381.4,7.51,119.0,12.0,84.0,9.0
2024-02-02,3.85,101500.0,50384.0,100038.0,13056.0,3.35,0.44,0.11,276.67,7.16,95.0,13.0,126.0,9.0
2024-02-03,4.46,96028.0,52547.0,74055.0,24904.0,3.4,0.27,0.11,274.22,7.63,91.0,16.0,104.0,6.0
2024-02-04,4.48,93848.0,47942.0,81114.0,14031.0,2.75,0.39,0.09,315.88,7.25,78.0,14.0,138.0,5.0
2024-02-05,4.37,124814.0,60529.0,81053.0,24849.0,3.07,0.27,0.13,314.63,7.52,84.0,16.0,104.0,12.0
2024-02-06,4.01,106994.0,49368.0,87281.0,24705.0,3.43,0.41,0.08,273.63,6.91,101.0,16.0,74.0,10.0
2024-02-07,3.87,126238.0,58717.0,109215.0,22320.0,3.95,0.46,0.09,394.0,7.65,82.0,10.0,135.0,9.0
2024-02-08,4.28,93268.0,44072.0,72700.0,20572.0,3.59,0.24,0.1,250.9,7.54,73.0,14.0,106.0,11.0
2024-02-09,4.11,105765.0,50248.0,90748.0,19511.0,3.88,0.46,0.12,349.03,7.01,58.0,10.0,71.0,13.0
2024-02-10,3.89,116975.0,62589.0,77175.0,23259.0,3.64,0.38,0.13,435.58,6.95,112.0,18.0,112.0,9.0
2024-02-11,4.15,129536.0,65561.0,108827.0,15763.0,3.39,0.24,0.09,362.98,7.12,74.0,13.0,86.0,11.0
2024-02-12,3.82,105938.0,53217.0,74532.0,18080.0,2.79,0.33,0.11,270.44,7.78,65.0,12.0,134.0,15.0
2024-02-13,4.44,121295.0,55975.0,86144.0,20052.0,3.5,0.25,0.07,358.8,7.06,94.0,16.0,95.0,13.0
2024-02-14,3.98,134299.0,71986.0,99515.0,17345.0,3.44,0.41,0.14,424.86,7.26,118.0,16.0,123.0,9.0
2024-02-15,4.26,120793.0,63088.0,98182.0,17557.0,3.4,0.43,0.09,328.15,6.83,98.0,17.0,60.0,11.0
2024-02-16,4.02,101648.0,46429.0,86909.0,16294.0,3.23,0.23,0.12,297.85,7.2,63.0,7.0,90.0,7.0
2024-02-17,4.16,91220.0,47506.0,83861.0,19335.0,3.29,0.35,0.05,240.49,7.37,46.0,6.0,148.0,11.0
2024-02-18,4.18,133505.0,67334.0,85904.0,23057.0,3.0,0.44,0.07,453.86,7.75,117.0,16.0,131.0,15.0
2024-02-19,3.93,91063.0,41723.0,80571.0,14620.0,3.28,0.48,0.1,220.18,7.32,90.0,11.0,66.0,10.0
2024-02-20,4.48,133735.0,66310.0,78213.0,24148.0,2.8,0.35,0.14,348.43,7.62,121.0,12.0,78.0,14.0
2024-02-21,4.34,116447.0,58045.0,89322.0,20958.0,3.71,0.49,0.1,310.62,7.35,85.0,10.0,83.0,9.0
2024-02-22,4.46,136953.0,63899.0,80741.0,22703.0,2.78,0.36,0.14,442.22,6.84,130.0,22.0,115.0,15.0
2024-02-23,4.43,129939.0,70761.0,81498.0,19230.0,2.63,0.32,0.1,451.9,7.12,92.0,17.0,126.0,11.0
2024-02-24,4.22,139897.0,74844.0,96270.0,22134.0,3.15,0.45,0.1,494.18,7.38,107.0,21.0,125.0,5.0
2024-02-25,4.45,107536.0,55585.0,108741.0,12211.0,3.49,0.35,0.06,322.13,7.75,79.0,11.0,101.0,11.0
2024-02-26,3.86,128359.0,63696.0,94145.0,22639.0,3.16,0.34,0.13,361.32,7.66,93.0,15.0,131.0,8.0
2024-02-27,3.94,110097.0,54077.0,73079.0,12522.0,2.92,0.35,0.07,295.74,7.03,98.0,19.0,94.0,5.0
2024-02-28,3.83,113994.0,58718.0,73023.0,23569.0,3.34,0.45,0.14,350.03,7.02,87.0,10.0,62.0,13.0
2024-02-29,4.03,121375.0,61239.0,108057.0,24896.0,3.02,0.45,0.14,373.78,7.0,80.0,14.0,106.0,8.0
2024-03-01,4.07,133684.0,60990.0,81892.0,15823.0,3.9,0.32,0.14,382.02,7.72,84.0,15.0,145.0,13.0
2024-03-02,3.99,139204.0,69776.0,73683.0,14734.0,3.88,0.3,0.1,384.76,7.65,72.0,8.0,129.0,8.0
2024-03-03,4.38,128414.0,68141.0,93962.0,21950.0,3.25,0.35,0.12,469.99,7.57,102.0,19.0,108.0,7.0
2024-03-04,4.05,110888.0,54992.0,94946.0,15289.0,2.99,0.37,0.13,293.63,7.19,68.0,12.0,115.0,15.0
2024-03-05,4.0,111068.0,50558.0,95940.0,23252.0,3.61,0.27,0.06,350.43,7.3,64.0,7.0,143.0,9.0
2024-03-06,4.18,126879.0,67072.0,80696.0,13337.0,2.56,0.44,0.11,337.35,7.26,105.0,11.0,93.0,11.0
2024-03-07,3.9,101939.0,47925.0,70604.0,13637.0,3.21,0.35,0.05,285.74,7.05,86.0,9.0,83.0,11.0
2024-03-08,4.36,95524.0,45456.0,108601.0,24729.0,3.0,0.3,0.1,257.59,7.31,84.0,11.0,148.0,11.0
2024-03-09,3.85,107731.0,50253.0,80036.0,20760.0,3.88,0.23,0.07,296.41,6.83,81.0,12.0,136.0,14.0
2024-03-10,4.49,104362.0,50409.0,97041.0,23010.0,2.52,0.27,0.07,309.58,6.93,99.0,15.0,82.0,12.0
2024-03-11,4.34,104815.0,55099.0,98265.0,16216.0,3.33,0.48,0.09,323.5,7.69,101.0,13.0,96.0,9.0
2024-03-12,3.94,101680.0,51037.0,94400.0,20794.0,3.61,0.29,0.09,297.53,7.55,92.0,18.0,92.0,14.0
2024-03-13,3.8,92105.0,43334.0,82516.0,19725.0,3.23,0.25,0.11,280.17,7.22,75.0,10.0,65.0,7.0
2024-03-14,4.37,90894.0,48881.0,80844.0,19841.0,2.63,0.34,0.06,311.46,7.32,59.0,6.0,146.0,10.0
2024-03-15,4.29,139386.0,74984.0,93907.0,20873.0,3.96,0.29,0.1,499.88,7.17,138.0,18.0,90.0,15.0
2024-03-16,4.31,111389.0,59822.0,104644.0,19480.0,3.28,0.21,0.07,329.02,7.54,71.0,11.0,138.0,11.0
2024-03-17,4.34,109216.0,51755.0,107869.0,17578.0,3.42,0.3,0.11,321.87,7.58,66.0,9.0,69.0,13.0
2024-03-18,3.85,123982.0,61387.0,74236.0,15587.0,2.85,0.36,0.11,378.78,7.56,89.0,11.0,105.0,12.0
2024-03-19,4.05,100913.0,55351.0,76193.0,21992.0,3.23,0.37,0.11,317.68,7.52,53.0,6.0,52.0,13.0
2024-03-20,3.88,137498.0,72489.0,107789.0,14942.0,3.14,0.31,0.12,432.91,7.0,136.0,25.0,126.0,14.0
2024-03-21,4.4,129317.0,58544.0,99461.0,21001.0,2.61,0.33,0.08,329.46,7.14,103.0,21.0,108.0,8.0
2024-03-22,4.24,94471.0,43128.0,105320.0,15033.0,2.66,0.49,0.13,227.87,7.27,74.0,10.0,113.0,7.0
2024-03-23,4.03,110879.0,55040.0,78105.0,20129.0,3.76,0.31,0.09,298.73,7.13,92.0,13.0,55.0,10.0
2024-03-24,3.84,133956.0,72460.0,93503.0,21712.0,2.86,0.28,0.1,377.59,7.55,100.0,16.0,71.0,12.0
2024-03-25,4.02,137237.0,69149.0,98046.0,14843.0,2.79,0.27,0.11,440.21,7.13,71.0,12.0,57.0,7.0
2024-03-26,4.03,113370.0,56660.0,97204.0,12779.0,3.26,0.34,0.05,358.18,6.94,91.0,13.0,79.0,5.0
2024-03-27,4.31,120671.0,55575.0,86326.0,13703.0,3.65,0.43,0.12,383.53,7.2,104.0,20.0,113.0,8.0
2024-03-28,4.25,98352.0,50718.0,70616.0,19878.0,2.59,0.26,0.11,327.6,7.78,70.0,11.0,107.0,15.0
2024-03-29,4.42,139558.0,74274.0,93317.0,23043.0,3.37,0.41,0.08,379.1,7.03,123.0,18.0,111.0,12.0
2024-03-30,4.13,101584.0,49577.0,80124.0,12585.0,2.68,0.21,0.06,335.56,7.41,62.0,10.0,105.0,9.0
2024-03-31,3.88,137137.0,72348.0,88010.0,21544.0,2.55,0.33,0.06,486.57,7.23,84.0,16.0,77.0,7.0
2024-04-01,4.3,122482.0,66930.0,108303.0,16437.0,2.58,0.43,0.14,393.99,6.87,71.0,13.0,74.0,9.0
2024-04-02,4.33,120387.0,56627.0,85961.0,18221.0,3.75,0.3,0.12,349.49,7.29,83.0,9.0,64.0,7.0
2024-04-03,4.19,115634.0,58087.0,103592.0,24075.0,2.68,0.37,0.06,403.83,7.5,107.0,14.0,135.0,6.0
2024-04-04,4.34,101533.0,48605.0,77542.0,16316.0,2.57,0.26,0.09,294.77,7.31,93.0,14.0,112.0,14.0
2024-04-05,4.15,98826.0,52307.0,96898.0,18049.0,3.16,0.42,0.11,356.25,7.67,68.0,9.0,69.0,15.0
2024-04-06,4.17,101024.0,51296.0,109080.0,12178.0,3.77,0.22,0.13,265.0,7.09,80.0,14.0,68.0,7.0
2024-04-07,4.1,99322.0,50998.0,74076.0,13061.0,2.89,0.46,0.05,274.47,6.89,85.0,16.0,137.0,6.0
2024-04-08,3.82,128979.0,68332.0,70333.0,15362.0,3.13,0.26,0.07,401.9,7.74,80.0,14.0,124.0,8.0
2024-04-09,3.88,107506.0,52635.0,87343.0,12362.0,2.56,0.46,0.14,324.73,7.18,63.0,12.0,116.0,10.0
2024-04-10,3.82,92892.0,50302.0,73705.0,20208.0,3.17,0.31,0.05,333.63,7.38,92.0,12.0,91.0,7.0
2024-04-11,4.25,138455.0,69685.0,99935.0,17543.0,3.37,0.42,0.07,486.16,7.59,112.0,21.0,76.0,8.0
2024-04-12,4.02,134189.0,62505.0,106582.0,19126.0,3.36,0.3,0.15,361.13,7.12,133.0,23.0,148.0,7.0
2024-04-13,4.16,136388.0,70866.0,87361.0,14270.0,3.0,0.47,0.11,361.05,7.52,91.0,12.0,130.0,13.0
2024-04-14,4.44,139745.0,73971.0,80348.0,15847.0,2.97,0.24,0.08,488.38,6.94,119.0,21.0,80.0,12.0
2024-04-15,3.97,98695.0,47539.0,87376.0,20630.0,2.66,0.25,0.06,295.16,7.09,60.0,7.0,135.0,11.0
2024-04-16,4.09,109812.0,58828.0,98938.0,24549.0,3.05,0.35,0.05,317.5,6.94,69.0,12.0,126.0,9.0
2024-04-17,4.33,127912.0,69151.0,70362.0,12655.0,2.65,0.22,0.07,414.19,7.61,97.0,15.0,80.0,14.0
2024-04-18,3.96,124801.0,59616.0,93578.0,23575.0,3.65,0.26,0.14,386.59,7.02,82.0,11.0,93.0,15.0
2024-04-19,3.85,97695.0,53571.0,94532.0,19499.0,3.95,0.48,0.09,350.4,7.52,57.0,9.0,69.0,7.0
2024-04-20,4.0,130792.0,60697.0,95508.0,19331.0,3.96,0.49,0.12,364.13,7.74,83.0,14.0,61.0,7.0
2024-04-21,3.91,101222.0,47595.0,79681.0,18504.0,3.8,0.31,0.14,267.03,7.33,52.0,6.0,122.0,10.0
2024-04-22,4.45,101191.0,47400.0,98562.0,12902.0,3.4,0.48,0.09,329.31,7.34,86.0,9.0,77.0,6.0
2024-04-23,4.37,116849.0,63028.0,73656.0,13168.0,3.55,0.36,0.07,398.76,7.26,87.0,12.0,132.0,9.0
2024-04-24,4.24,119647.0,61670.0,77971.0,19812.0,2.93,0.28,0.1,358.7,7.13,65.0,10.0,150.0,11.0
2024-04-25,4.41,119004.0,55362.0,105099.0,16432.0,3.45,0.41,0.14,307.86,7.28,70.0,13.0,58.0,10.0
2024-04-26,4.36,94574.0,46723.0,99549.0,23924.0,3.18,0.4,0.13,301.93,7.4,52.0,10.0,97.0,8.0
2024-04-27,3.93,133873.0,68480.0,70550.0,17286.0,3.22,0.5,0.06,375.57,7.79,108.0,17.0,130.0,10.0
2024-04-28,4.42,103280.0,47338.0,79935.0,13863.0,3.64,0.28,0.12,252.95,7.74,57.0,10.0,129.0,15.0
2024-04-29,4.18,96476.0,51927.0,78576.0,21291.0,2.92,0.4,0.11,314.66,7.66,85.0,12.0,126.0,7.0
2024-04-30,4.37,134437.0,71300.0,80832.0,15814.0,2.98,0.22,0.14,397.85,7.69,69.0,12.0,85.0,12.0
2024-05-01,4.43,137783.0,68963.0,79902.0,18831.0,3.89,0.23,0.06,431.56,7.27,86.0,10.0,95.0,5.0
2024-05-02,4.02,133106.0,72771.0,72501.0,21072.0,2.58,0.2,0.1,381.02,7.46,126.0,17.0,109.0,6.0
2024-05-03,3.88,130476.0,64165.0,88358.0,23703.0,3.23,0.5,0.14,404.87,7.7,112.0,18.0,147.0,11.0
2024-05-04,3.96,122762.0,67324.0,99309.0,22298.0,3.87,0.44,0.09,374.77,7.19,66.0,7.0,83.0,6.0
2024-05-05,4.1,117543.0,60745.0,94269.0,20793.0,3.42,0.44,0.1,303.76,7.76,107.0,18.0,142.0,5.0
2024-05-06,4.37,94349.0,48445.0,96915.0,20835.0,3.32,0.35,0.06,254.53,7.22,70.0,13.0,77.0,7.0
2024-05-07,4.4,110423.0,51523.0,73246.0,24297.0,2.87,0.29,0.08,353.82,7.4,102.0,14.0,149.0,11.0
2024-05-08,3.8,108634.0,58466.0,108060.0,15846.0,3.01,0.25,0.08,393.75,7.51,87.0,13.0,117.0,12.0
2024-05-09,4.16,102988.0,50747.0,103540.0,12014.0,3.78,0.29,0.14,277.45,7.75,87.0,16.0,96.0,7.0
2024-05-10,4.09,126171.0,58824.0,102204.0,15535.0,3.34,0.31,0.08,385.69,7.04,126.0,22.0,111.0,12.0
2024-05-11,3.96,114794.0,51802.0,102919.0,14833.0,3.27,0.43,0.1,322.06,7.55,71.0,9.0,77.0,7.0
2024-05-12,3.88,94052.0,47588.0,107308.0,20604.0,2.65,0.36,0.12,330.35,7.32,76.0,10.0,77.0,11.0
2024-05-13,4.04,101009.0,50781.0,91770.0,20238.0,2.52,0.22,0.07,291.85,7.07,74.0,12.0,61.0,9.0
2024-05-14,4.46,124163.0,64805.0,78011.0,19715.0,3.95,0.21,0.1,412.35,7.58,65.0,10.0,61.0,12.0
2024-05-15,4.03,93807.0,50564.0,94671.0,12211.0,3.07,0.23,0.12,259.25,7.35,48.0,6.0,85.0,15.0
2024-05-16,4.16,132560.0,60705.0,99715.0,21474.0,3.4,0.32,0.14,351.63,7.46,74.0,10.0,126.0,14.0
2024-05-17,4.29,114757.0,60035.0,99517.0,16206.0,2.62,0.48,0.11,415.9,7.12,95.0,18.0,111.0,5.0
2024-05-18,4.05,114029.0,53450.0,90858.0,20646.0,3.52,0.39,0.12,324.87,7.28,89.0,15.0,60.0,14.0
2024-05-19,4.48,119620.0,64095.0,72738.0,19236.0,3.9,0.44,0.06,357.38,7.42,93.0,18.0,135.0,6.0
2024-05-20,4.47,131234.0,69804.0,84845.0,16456.0,3.36,0.34,0.14,365.81,7.2,68.0,12.0,110.0,15.0
2024-05-21,3.98,107390.0,54133.0,106831.0,13749.0,2.69,0.31,0.06,346.84,7.0,79.0,15.0,146.0,8.0
2024-05-22,4.15,123901.0,64555.0,93378.0,13227.0,3.37,0.23,0.13,406.03,7.76,119.0,15.0,117.0,9.0
2024-05-23,4.01,118287.0,56947.0,91533.0,22810.0,3.65,0.46,0.08,327.33,7.31,83.0,15.0,68.0,6.0
2024-05-24,4.0,103351.0,51378.0,80754.0,23939.0,3.11,0.43,0.14,354.6,7.53,84.0,9.0,97.0,6.0
2024-05-25,3.83,133931.0,71273.0,84738.0,20447.0,3.82,0.25,0.12,359.53,7.21,119.0,20.0,115.0,12.0
2024-05-26,4.23,129871.0,64407.0,105814.0,13345.0,3.47,0.35,0.13,361.16,7.16,116.0,17.0,53.0,14.0
2024-05-27,4.15,122923.0,59713.0,96659.0,17226.0,3.85,0.35,0.07,408.57,7.21,93.0,13.0,51.0,11.0
2024-05-28,3.84,132529.0,66188.0,101495.0,21476.0,3.44,0.39,0.09,373.42,7.21,123.0,23.0,63.0,12.0
2024-05-29,4.0,133365.0,71060.0,88174.0,22138.0,2.7,0.48,0.11,391.15,7.34,93.0,17.0,75.0,13.0
2024-05-30,4.44,125418.0,60642.0,95210.0,13537.0,2.96,0.37,0.13,368.0,7.34,118.0,12.0,93.0,8.0
2024-05-31,3.97,131851.0,61624.0,79935.0,12000.0,2.8,0.36,0.06,409.65,7.3,82.0,13.0,99.0,5.0
2024-06-01,3.9,124874.0,65084.0,98218.0,21258.0,3.86,0.22,0.15,338.85,6.93,80.0,11.0,64.0,5.0
2024-06-02,4.14,124007.0,66046.0,87104.0,16636.0,3.64,0.22,0.14,454.79,7.3,65.0,9.0,117.0,9.0
2024-06-03,4.49,120931.0,55636.0,87702.0,15308.0,3.51,0.26,0.08,366.65,6.97,109.0,20.0,110.0,7.0
2024-06-04,3.97,127636.0,60498.0,95973.0,12168.0,2.95,0.21,0.13,324.42,6.93,90.0,12.0,79.0,6.0
2024-06-05,4.27,97930.0,45459.0,107451.0,19024.0,2.78,0.42,0.1,292.03,7.73,60.0,12.0,51.0,7.0
2024-06-06,4.33,134044.0,64984.0,72560.0,23065.0,3.63,0.42,0.1,374.95,7.4,83.0,10.0,58.0,6.0
2024-06-07,3.97,133592.0,66133.0,102990.0,24449.0,3.21,0.24,0.08,383.87,7.46,127.0,21.0,89.0,14.0
2024-06-08,4.31,91462.0,48007.0,81695.0,19355.0,2.84,0.45,0.11,315.24,7.2,84.0,14.0,65.0,6.0
2024-06-09,4.06,131291.0,67630.0,87757.0,18688.0,3.42,0.25,0.12,468.38,7.71,102.0,13.0,88.0,10.0
2024-06-10,4.24,96443.0,49388.0,70877.0,13106.0,2.56,0.29,0.09,259.45,7.44,78.0,10.0,113.0,11.0
2024-06-11,4.24,106756.0,51802.0,82042.0,19135.0,2.99,0.27,0.11,302.59,7.57,79.0,14.0,105.0,10.0
2024-06-12,4.18,127175.0,67930.0,90105.0,16940.0,3.2,0.31,0.12,404.99,7.17,88.0,16.0,73.0,6.0
2024-06-13,3.86,98038.0,48738.0,72247.0,19893.0,2.72,0.28,0.12,280.37,7.76,94.0,12.0,84.0,8.0
2024-06-14,4.38,130898.0,71721.0,89644.0,17053.0,3.98,0.35,0.06,410.7,7.62,74.0,11.0,111.0,6.0
2024-06-15,4.02,131607.0,67569.0,107084.0,15124.0,2.81,0.32,0.14,344.91,7.65,93.0,10.0,136.0,9.0
2024-06-16,3.93,115373.0,53375.0,74216.0,13235.0,2.7,0.5,0.1,340.05,6.97,78.0,9.0,125.0,7.0
2024-06-17,3.83,90319.0,46751.0,100578.0,16094.0,2.81,0.22,0.08,274.54,7.07,68.0,10.0,105.0,11.0
2024-06-18,4.21,104352.0,50351.0,86387.0,13256.0,3.65,0.24,0.07,271.37,7.09,76.0,8.0,86.0,12.0
2024-06-19,4.27,120846.0,62675.0,96207.0,14300.0,3.14,0.22,0.1,415.66,7.07,92.0,17.0,87.0,10.0
2024-06-20,3.81,139059.0,63545.0,80409.0,24835.0,3.35,0.39,0.14,419.72,7.66,79.0,14.0,138.0,9.0
2024-06-21,4.16,121591.0,56842.0,76380.0,17773.0,2.53,0.22,0.09,339.51,6.83,92.0,18.0,54.0,9.0
2024-06-22,3.96,102990.0,55159.0,76419.0,18914.0,2.55,0.45,0.12,308.72,6.88,64.0,11.0,149.0,13.0
2024-06-23,4.25,121700.0,57530.0,72820.0,23357.0,3.17,0.35,0.06,361.07,7.07,72.0,14.0,116.0,7.0
2024-06-24,3.92,116999.0,62443.0,77426.0,24942.0,3.72,0.36,0.1,348.2,7.0,62.0,10.0,118.0,12.0
2024-06-25,4.28,128992.0,61649.0,96569.0,19575.0,3.83,0.37,0.15,337.34,7.03,114.0,18.0,54.0,13.0
2024-06-26,4.07,95349.0,49037.0,105268.0,22562.0,2.63,0.25,0.13,316.83,7.6,68.0,13.0,111.0,9.0
2024-06-27,4.46,128051.0,66512.0,102565.0,16250.0,3.31,0.26,0.07,337.92,7.36,104.0,17.0,98.0,8.0
2024-06-28,3.9,117063.0,58680.0,97405.0,15975.0,3.87,0.3,0.1,304.52,6.81,101.0,10.0,61.0,10.0
2024-06-29,4.04,138150.0,66385.0,74417.0,17235.0,3.08,0.38,0.07,332.83,7.23,116.0,20.0,78.0,6.0
2024-06-30,3.88,107094.0,50469.0,81567.0,20743.0,3.74,0.26,0.09,267.78,7.21,79.0,15.0,139.0,5.0
2024-07-01,4.45,121631.0,55138.0,82392.0,20868.0,2.7,0.23,0.13,283.3,6.91,84.0,15.0,105.0,6.0
2024-07-02,4.41,136601.0,65623.0,79998.0,16098.0,3.9,0.49,0.13,458.81,7.48,94.0,15.0,91.0,7.0
2024-07-03,3.98,95125.0,49020.0,90600.0,13732.0,3.63,0.21,0.07,273.41,7.5,78.0,13.0,57.0,10.0
2024-07-04,4.26,136861.0,74429.0,91422.0,20221.0,3.91,0.44,0.14,394.37,7.52,102.0,20.0,121.0,13.0
2024-07-05,4.37,124394.0,66815.0,84275.0,13668.0,3.51,0.44,0.11,366.28,7.53,115.0,13.0,120.0,7.0
2024-07-06,4.19,93392.0,49181.0,84152.0,19520.0,3.05,0.29,0.09,337.98,6.8,88.0,15.0,111.0,14.0
2024-07-07,4.17,105048.0,55554.0,103142.0,21014.0,3.91,0.24,0.1,335.57,7.75,61.0,8.0,101.0,15.0
2024-07-08,3.97,125409.0,64773.0,101572.0,21108.0,2.91,0.24,0.11,371.13,7.61,71.0,12.0,93.0,15.0
2024-07-09,3.87,93368.0,44446.0,82312.0,21795.0,3.0,0.41,0.11,299.86,7.7,76.0,12.0,109.0,13.0
2024-07-10,4.43,119109.0,64404.0,106552.0,23347.0,3.55,0.39,0.1,372.9,6.82,77.0,9.0,73.0,9.0
2024-07-11,4.43,107294.0,55479.0,108113.0,18499.0,3.65,0.43,0.1,314.57,7.73,55.0,7.0,144.0,6.0
2024-07-12,4.24,121046.0,61254.0,83070.0,21493.0,3.89,0.48,0.07,331.67,7.61,114.0,19.0,109.0,11.0
2024-07-13,4.04,92287.0,42553.0,84177.0,20049.0,2.81,0.41,0.13,244.92,7.64,57.0,6.0,81.0,11.0
2024-07-14,4.04,133577.0,66081.0,90225.0,14426.0,3.7,0.25,0.1,372.26,6.89,129.0,16.0,95.0,13.0
2024-07-15,4.31,138674.0,68787.0,107645.0,12334.0,3.61,0.27,0.06,437.12,7.54,119.0,22.0,131.0,15.0
2024-07-16,4.43,138444.0,74269.0,105053.0,15699.0,2.6,0.45,0.13,414.36,7.76,122.0,16.0,66.0,10.0
2024-07-17,4.42,127483.0,64336.0,74103.0,17759.0,3.08,0.26,0.14,395.95,7.48,77.0,11.0,79.0,8.0
2024-07-18,4.35,96504.0,47098.0,85709.0,20022.0,2.92,0.22,0.14,241.7,7.37,60.0,12.0,118.0,7.0
2024-07-19,4.25,127913.0,70055.0,92135.0,23049.0,2.96,0.41,0.09,377.08,7.75,97.0,12.0,82.0,5.0
2024-07-20,3.86,91229.0,42063.0,90125.0,14551.0,3.97,0.32,0.06,244.59,7.24,53.0,7.0,129.0,10.0
2024-07-21,3.91,91106.0,44847.0,77755.0,13632.0,3.46,0.48,0.1,308.28,7.4,59.0,10.0,63.0,11.0
2024-07-22,4.43,106181.0,48227.0,104353.0,24525.0,3.58,0.4,0.06,277.53,7.28,70.0,12.0,126.0,13.0
2024-07-23,4.22,114432.0,59961.0,97078.0,13405.0,3.96,0.23,0.14,379.44,7.73,66.0,13.0,57.0,10.0
2024-07-24,3.81,128520.0,69633.0,103516.0,18220.0,3.07,0.48,0.07,383.69,6.88,77.0,15.0,51.0,14.0
2024-07-25,3.87,124165.0,59351.0,104351.0,19612.0,3.7,0.28,0.08,311.84,7.3,111.0,20.0,140.0,11.0
2024-07-26,4.26,112295.0,60172.0,99934.0,19038.0,3.15,0.3,0.09,307.9,7.49,66.0,8.0,108.0,13.0
2024-07-27,3.8,103681.0,49686.0,87568.0,13118.0,3.8,0.32,0.09,278.78,7.59,53.0,5.0,85.0,6.0
2024-07-28,3.91,139856.0,75673.0,94422.0,12741.0,2.77,0.22,0.13,402.23,7.38,114.0,16.0,73.0,14.0
2024-07-29,4.18,111309.0,58481.0,76415.0,13371.0,3.92,0.35,0.1,312.76,7.71,110.0,13.0,112.0,12.0
2024-07-30,4.28,112569.0,59717.0,96946.0,19613.0,2.83,0.24,0.07,389.45,7.74,75.0,13.0,101.0,7.0
2024-07-31,4.26,98181.0,44358.0,77170.0,19076.0,2.99,0.32,0.08,223.2,6.86,55.0,9.0,149.0,7.0
2024-08-01,3.96,129740.0,70875.0,97758.0,15039.0,3.63,0.31,0.1,433.44,7.2,102.0,11.0,148.0,14.0
2024-08-02,4.3,124684.0,65168.0,79184.0,20291.0,3.09,0.43,0.06,375.3,6.82,119.0,22.0,114.0,5.0
2024-08-03,3.97,101038.0,48546.0,74702.0,22661.0,3.41,0.44,0.11,291.91,7.13,90.0,11.0,94.0,10.0
2024-08-04,4.03,94119.0,50160.0,76611.0,12541.0,3.17,0.25,0.11,307.26,7.34,76.0,11.0,99.0,8.0
2024-08-05,4.32,124025.0,59303.0,70080.0,18476.0,3.61,0.31,0.12,333.68,7.71,82.0,14.0,118.0,12.0
2024-08-06,4.25,122726.0,65937.0,98750.0,20961.0,2.84,0.31,0.14,368.6,7.65,95.0,14.0,60.0,13.0
2024-08-07,4.39,103663.0,47815.0,99296.0,15280.0,2.59,0.25,0.14,309.21,6.93,57.0,8.0,83.0,9.0
2024-08-08,4.26,137543.0,71573.0,90597.0,16001.0,2.95,0.44,0.14,482.59,6.89,115.0,12.0,58.0,9.0
2024-08-09,4.2,97553.0,49173.0,76455.0,19977.0,3.21,0.41,0.07,264.81,7.39,84.0,12.0,57.0,15.0
2024-08-10,3.87,111617.0,51305.0,73342.0,23673.0,2.75,0.26,0.06,266.54,7.33,110.0,19.0,70.0,13.0
2024-08-11,4.06,137181.0,65050.0,70765.0,22529.0,3.03,0.31,0.08,442.05,7.07,86.0,17.0,99.0,14.0
2024-08-12,3.99,110986.0,50082.0,76630.0,19581.0,3.1,0.23,0.14,285.45,7.7,57.0,8.0,128.0,9.0
2024-08-13,3.97,121926.0,60582.0,105634.0,21493.0,2.59,0.39,0.15,369.71,7.73,94.0,13.0,99.0,7.0
2024-08-14,4.48,109880.0,52756.0,79661.0,16743.0,3.37,0.24,0.14,301.72,7.2,94.0,16.0,84.0,9.0
2024-08-15,4.08,103711.0,52875.0,84171.0,20333.0,3.83,0.5,0.06,277.68,7.69,93.0,18.0,58.0,12.0
2024-08-16,4.42,139199.0,66777.0,74214.0,18060.0,2.73,0.43,0.14,412.59,7.18,83.0,11.0,105.0,6.0
2024-08-17,4.24,110467.0,53023.0,78894.0,14469.0,3.4,0.32,0.09,320.8,7.54,70.0,10.0,77.0,8.0
2024-08-18,4.36,134705.0,70628.0,90769.0,21123.0,3.5,0.37,0.05,381.82,7.28,102.0,18.0,111.0,5.0
2024-08-19,4.15,101498.0,46163.0,94310.0,19234.0,3.13,0.47,0.09,272.53,6.92,68.0,11.0,148.0,9.0
2024-08-20,4.2,100655.0,54383.0,79814.0,16662.0,3.55,0.37,0.05,358.6,7.73,94.0,10.0,61.0,13.0
2024-08-21,4.14,91557.0,49004.0,72309.0,23847.0,3.12,0.25,0.1,302.88,7.25,67.0,11.0,71.0,5.0
2024-08-22,3.94,122583.0,63349.0,85641.0,12272.0,3.26,0.31,0.08,329.02,7.53,110.0,13.0,97.0,12.0
2024-08-23,4.31,108426.0,55224.0,79368.0,16105.0,2.51,0.45,0.1,336.65,7.17,86.0,13.0,147.0,14.0
2024-08-24,4.0,133218.0,71835.0,78782.0,12739.0,3.54,0.39,0.11,460.14,6.82,118.0,18.0,127.0,7.0
2024-08-25,3.82,113660.0,53254.0,108395.0,21965.0,3.49,0.4,0.14,350.7,6.9,76.0,14.0,140.0,12.0
2024-08-26,4.25,138410.0,63377.0,94652.0,21127.0,2.56,0.46,0.12,396.63,7.3,127.0,19.0,83.0,15.0
2024-08-27,3.92,99276.0,47052.0,92275.0,16308.0,3.05,0.47,0.09,249.63,7.49,63.0,8.0,149.0,15.0
2024-08-28,4.46,133431.0,70646.0,86631.0,20784.0,3.97,0.48,0.13,453.57,7.13,103.0,13.0,60.0,7.0
2024-08-29,4.47,128830.0,58420.0,87158.0,17147.0,3.13,0.23,0.14,371.24,7.5,78.0,15.0,55.0,6.0
2024-08-30,4.44,128546.0,65337.0,91636.0,21831.0,3.25,0.36,0.06,329.88,7.5,95.0,11.0,136.0,6.0
2024-08-31,4.06,132239.0,72671.0,97857.0,17904.0,3.86,0.42,0.1,423.2,7.5,87.0,12.0,143.0,12.0
2024-09-01,3.81,128051.0,68580.0,98086.0,17360.0,3.58,0.43,0.08,388.57,7.29,81.0,10.0,59.0,12.0
2024-09-02,4.45,121311.0,60916.0,76868.0,24151.0,3.37,0.38,0.05,386.13,7.71,119.0,21.0,61.0,12.0
2024-09-03,4.1,96562.0,44068.0,90005.0,15261.0,3.7,0.25,0.12,239.39,7.29,56.0,8.0,53.0,8.0
2024-09-04,4.48,91626.0,48849.0,86478.0,13566.0,3.8,0.44,0.14,301.97,7.25,82.0,11.0,60.0,7.0
2024-09-05,4.47,136042.0,69368.0,104821.0,19599.0,3.19,0.42,0.07,473.53,7.0,135.0,18.0,71.0,11.0
2024-09-06,4.4,120833.0,55763.0,95257.0,24601.0,3.21,0.23,0.13,367.79,7.11,62.0,11.0,147.0,10.0
2024-09-07,4.01,129827.0,59641.0,91300.0,16912.0,3.08,0.34,0.14,408.12,6.84,110.0,17.0,117.0,12.0
2024-09-08,4.07,114076.0,61711.0,74616.0,12806.0,3.95,0.25,0.14,429.32,7.43,71.0,12.0,128.0,9.0
2024-09-09,4.4,95865.0,49555.0,94226.0,16411.0,3.55,0.3,0.08,248.83,7.05,50.0,9.0,128.0,8.0
2024-09-10,4.02,96259.0,51299.0,74688.0,18577.0,2.62,0.21,0.14,320.39,7.1,68.0,13.0,104.0,8.0
2024-09-11,3.92,124278.0,66849.0,83488.0,14105.0,3.79,0.32,0.08,389.44,7.57,120.0,16.0,130.0,7.0
2024-09-12,4.19,111515.0,56558.0,75714.0,20555.0,3.22,0.36,0.11,380.05,7.13,56.0,11.0,110.0,8.0
2024-09-13,4.46,100026.0,50188.0,97683.0,24971.0,2.6,0.39,0.06,276.21,7.04,79.0,8.0,81.0,6.0
2024-09-14,4.29,114580.0,56493.0,78250.0,17873.0,3.32,0.4,0.05,393.31,6.97,86.0,12.0,106.0,8.0
2024-09-15,4.2,93210.0,44899.0,85674.0,16611.0,3.13,0.45,0.12,279.6,7.57,87.0,17.0,103.0,5.0
2024-09-16,3.87,119099.0,58770.0,105827.0,17209.0,3.82,0.26,0.09,387.12,6.93,65.0,8.0,132.0,7.0
2024-09-17,4.23,103450.0,54558.0,78173.0,13497.0,2.81,0.24,0.08,282.13,7.25,87.0,11.0,148.0,12.0
2024-09-18,4.49,129878.0,66263.0,90312.0,23483.0,3.74,0.46,0.07,355.63,7.31,109.0,14.0,91.0,8.0
2024-09-19,3.9,105518.0,56901.0,86771.0,17393.0,3.34,0.25,0.12,370.81,7.49,88.0,14.0,126.0,12.0
2024-09-20,4.16,112761.0,55742.0,70725.0,17035.0,2.58,0.49,0.05,281.16,7.43,110.0,16.0,60.0,12.0
2024-09-21,4.41,90581.0,46261.0,101710.0,20576.0,3.96,0.45,0.13,306.88,7.61,83.0,14.0,128.0,11.0
2024-09-22,4.32,93622.0,48041.0,72762.0,17746.0,3.27,0.35,0.06,241.54,6.84,49.0,9.0,87.0,15.0
2024-09-23,4.29,109625.0,55818.0,88970.0,20427.0,2.94,0.49,0.07,352.45,7.1,81.0,13.0,54.0,5.0
2024-09-24,4.29,113997.0,59308.0,92427.0,12799.0,3.2,0.23,0.09,339.85,7.08,80.0,10.0,86.0,12.0
2024-09-25,4.05,120001.0,56850.0,95137.0,22578.0,3.79,0.29,0.1,353.78,6.95,79.0,15.0,111.0,15.0
2024-09-26,4.01,104583.0,52421.0,97545.0,24227.0,2.96,0.39,0.09,335.08,7.09,76.0,10.0,62.0,14.0
2024-09-27,4.37,124749.0,57437.0,80131.0,20434.0,2.79,0.31,0.08,326.53,7.11,86.0,10.0,142.0,7.0
2024-09-28,4.37,133006.0,64967.0,70399.0,24409.0,2.69,0.48,0.15,338.86,7.32,95.0,10.0,58.0,8.0
2024-09-29,4.41,128993.0,64337.0,98938.0,13969.0,2.95,0.22,0.11,330.65,7.46,128.0,20.0,143.0,7.0
2024-09-30,4.44,91981.0,47391.0,91426.0,18206.0,3.67,0.36,0.05,292.77,7.18,50.0,6.0,121.0,11.0
2024-10-01,4.16,114025.0,62150.0,103445.0,19823.0,3.21,0.38,0.09,375.47,7.52,110.0,12.0,83.0,12.0
2024-10-02,4.15,95247.0,48582.0,102856.0,19563.0,2.84,0.4,0.14,315.02,7.14,70.0,9.0,89.0,8.0
2024-10-03,4.36,102102.0,53538.0,103733.0,17219.0,2.75,0.28,0.08,322.27,7.09,83.0,11.0,124.0,10.0
2024-10-04,4.25,139333.0,69754.0,89404.0,16395.0,3.0,0.31,0.06,407.7,7.34,128.0,20.0,110.0,12.0
2024-10-05,4.29,97125.0,49865.0,83345.0,13649.0,3.91,0.45,0.13,289.03,6.82,66.0,12.0,117.0,9.0
2024-10-06,4.36,114944.0,52540.0,101662.0,17093.0,3.01,0.26,0.11,265.48,6.88,82.0,14.0,89.0,14.0
2024-10-07,4.42,120908.0,57484.0,88052.0,14115.0,3.98,0.45,0.11,326.0,7.22,85.0,11.0,99.0,13.0
2024-10-08,4.04,125123.0,60833.0,77338.0,21547.0,3.23,0.37,0.06,422.91,7.74,86.0,11.0,149.0,6.0
2024-10-09,4.06,117982.0,58667.0,104199.0,14715.0,2.77,0.43,0.06,395.83,7.52,114.0,22.0,71.0,11.0
2024-10-10,3.87,90489.0,41133.0,105302.0,12761.0,3.84,0.41,0.11,232.76,6.89,83.0,8.0,92.0,7.0
2024-10-11,4.2,106323.0,49334.0,88652.0,19181.0,3.19,0.26,0.07,304.67,7.65,59.0,11.0,79.0,11.0
2024-10-12,3.83,115886.0,55356.0,73028.0,19738.0,3.56,0.37,0.1,370.59,7.53,64.0,8.0,127.0,15.0
2024-10-13,4.13,94393.0,51648.0,85513.0,23335.0,3.98,0.46,0.1,303.82,7.41,67.0,13.0,126.0,14.0
2024-10-14,4.18,107531.0,51952.0,102142.0,19501.0,2.58,0.33,0.08,261.63,7.62,59.0,8.0,79.0,9.0
2024-10-15,4.0,91660.0,45665.0,106071.0,16491.0,2.65,0.49,0.14,235.13,7.2,74.0,11.0,58.0,8.0
2024-10-16,4.21,93929.0,44110.0,78139.0,22439.0,3.58,0.34,0.13,265.58,7.02,54.0,9.0,51.0,7.0
2024-10-17,3.82,109846.0,56140.0,72679.0,19024.0,2.92,0.24,0.12,389.55,7.31,84.0,13.0,93.0,10.0
2024-10-18,3.83,96636.0,46199.0,105094.0,13031.0,2.78,0.32,0.06,295.04,7.35,49.0,6.0,91.0,6.0
2024-10-19,4.38,118377.0,55720.0,85576.0,19356.0,2.56,0.49,0.06,286.5,7.34,78.0,12.0,149.0,10.0
2024-10-20,4.05,124473.0,62443.0,91670.0,23804.0,2.53,0.3,0.1,335.86,7.37,104.0,18.0,97.0,5.0
2024-10-21,3.89,130029.0,58585.0,108723.0,17152.0,3.66,0.46,0.07,383.3,7.75,96.0,10.0,76.0,8.0
2024-10-22,4.17,100008.0,45080.0,72663.0,15852.0,2.7,0.46,0.15,301.26,7.7,99.0,10.0,139.0,7.0
2024-10-23,4.34,98374.0,46423.0,95933.0,13865.0,3.2,0.31,0.07,289.47,7.68,92.0,13.0,99.0,15.0
2024-10-24,3.95,95228.0,43202.0,72964.0,13969.0,3.41,0.22,0.1,271.69,7.6,65.0,7.0,110.0,12.0
2024-10-25,4.24,121822.0,56136.0,85019.0,17626.0,3.14,0.42,0.09,283.86,7.74,64.0,11.0,60.0,8.0
2024-10-26,3.86,125324.0,60642.0,102153.0,19744.0,2.54,0.29,0.11,403.7,6.9,116.0,14.0,88.0,6.0
2024-10-27,3.84,91579.0,48561.0,87339.0,13048.0,3.68,0.43,0.06,319.36,7.07,88.0,13.0,144.0,10.0
2024-10-28,4.17,136811.0,69391.0,109887.0,24214.0,2.52,0.33,0.09,382.9,7.3,125.0,15.0,109.0,7.0
2024-10-29,4.18,92599.0,46417.0,92362.0,21817.0,3.64,0.35,0.08,297.87,7.65,52.0,8.0,84.0,10.0
2024-10-30,4.25,117065.0,56115.0,82846.0,19626.0,3.84,0.43,0.14,304.69,7.31,117.0,13.0,113.0,13.0
2024-10-31,4.31,125453.0,68143.0,78804.0,22770.0,3.15,0.31,0.05,346.21,7.55,79.0,8.0,141.0,11.0
2024-11-01,4.48,133548.0,65399.0,84021.0,13042.0,3.3,0.33,0.14,353.3,6.94,115.0,12.0,77.0,11.0
2024-11-02,4.16,125704.0,57662.0,84901.0,18199.0,3.22,0.31,0.13,308.91,7.05,120.0,23.0,101.0,10.0
2024-11-03,4.03,130086.0,66566.0,72749.0,20191.0,3.08,0.31,0.08,377.8,7.53,80.0,9.0,146.0,14.0
2024-11-04,4.36,106973.0,49355.0,84783.0,22772.0,3.83,0.36,0.13,288.08,6.96,102.0,17.0,67.0,14.0
2024-11-05,3.99,130741.0,63347.0,88570.0,22185.0,3.84,0.44,0.05,381.16,7.15,86.0,9.0,122.0,10.0
2024-11-06,4.11,94006.0,47073.0,98910.0,15602.0,3.0,0.31,0.15,280.25,7.06,93.0,10.0,111.0,8.0
2024-11-07,3.85,134741.0,72413.0,96269.0,24231.0,3.42,0.36,0.1,401.26,7.15,86.0,13.0,118.0,10.0
2024-11-08,3.82,117380.0,58614.0,98351.0,13616.0,3.89,0.4,0.08,296.49,7.51,115.0,17.0,85.0,7.0
2024-11-09,4.47,130865.0,68079.0,70335.0,23377.0,3.94,0.28,0.09,422.79,7.17,69.0,13.0,81.0,11.0
2024-11-10,4.39,112616.0,61858.0,78707.0,24622.0,3.26,0.28,0.06,358.25,7.36,96.0,19.0,118.0,10.0
2024-11-11,4.29,122179.0,56587.0,96467.0,14303.0,3.18,0.48,0.15,316.74,6.9,94.0,17.0,72.0,6.0
2024-11-12,4.09,116320.0,55540.0,89360.0,21387.0,2.92,0.42,0.05,374.0,7.61,86.0,14.0,92.0,7.0
2024-11-13,3.92,126579.0,61955.0,70213.0,12524.0,3.94,0.37,0.12,402.31,7.17,77.0,11.0,69.0,10.0
2024-11-14,3.91,94081.0,46305.0,102180.0,17270.0,2.71,0.39,0.09,310.96,7.45,80.0,11.0,51.0,14.0
2024-11-15,3.98,93018.0,45681.0,100912.0,18712.0,3.37,0.21,0.14,273.63,7.53,55.0,11.0,147.0,11.0
2024-11-16,4.18,102355.0,55350.0,91937.0,19548.0,2.92,0.39,0.07,291.24,7.01,79.0,13.0,93.0,12.0
2024-11-17,4.3,97977.0,51086.0,72659.0,24167.0,2.92,0.35,0.1,326.56,7.68,61.0,10.0,147.0,8.0
2024-11-18,4.26,133589.0,68236.0,100661.0,20739.0,3.11,0.36,0.1,369.3,7.42,131.0,16.0,64.0,11.0
2024-11-19,4.0,100961.0,48556.0,93349.0,18257.0,4.0,0.31,0.12,285.63,7.23,52.0,5.0,109.0,9.0
2024-11-20,4.47,138793.0,73891.0,101278.0,22526.0,2.58,0.22,0.06,379.06,6.98,83.0,16.0,70.0,12.0
2024-11-21,4.32,106845.0,58284.0,100070.0,24357.0,3.37,0.26,0.07,387.63,7.74,66.0,9.0,129.0,6.0
2024-11-22,4.19,99106.0,52736.0,102120.0,12287.0,2.62,0.49,0.07,276.96,7.56,70.0,10.0,128.0,10.0
2024-11-23,4.23,129485.0,58288.0,90720.0,24773.0,2.73,0.32,0.12,396.72,7.01,80.0,9.0,61.0,8.0
2024-11-24,4.09,122935.0,63145.0,75613.0,13120.0,3.16,0.34,0.07,424.87,7.14,92.0,17.0,141.0,8.0
2024-11-25,3.97,114910.0,52297.0,96846.0,22587.0,3.27,0.22,0.11,310.08,7.61,108.0,11.0,69.0,15.0
2024-11-26,4.05,117768.0,56029.0,94819.0,15644.0,2.89,0.21,0.07,363.56,7.5,101.0,18.0,111.0,7.0
2024-11-27,4.33,125960.0,57432.0,99690.0,13718.0,2.97,0.42,0.14,358.31,7.57,100.0,11.0,149.0,8.0
2024-11-28,3.81,101423.0,51764.0,76795.0,17718.0,2.63,0.36,0.14,341.96,7.24,55.0,10.0,138.0,10.0
2024-11-29,3.88,139817.0,72517.0,77799.0,20371.0,2.95,0.35,0.1,425.21,7.52,118.0,20.0,146.0,14.0
2024-11-30,3.83,138740.0,64021.0,105616.0,16952.0,3.95,0.27,0.09,420.72,7.19,81.0,9.0,84.0,9.0
2024-12-01,3.83,122516.0,59835.0,99999.0,12709.0,3.92,0.42,0.07,354.52,7.01,109.0,17.0,61.0,12.0
2024-12-02,4.4,99977.0,49551.0,106329.0,19793.0,3.0,0.25,0.05,341.01,7.43,62.0,8.0,69.0,14.0
2024-12-03,4.29,124011.0,60382.0,100349.0,23731.0,3.36,0.26,0.08,360.65,7.78,88.0,10.0,100.0,8.0
2024-12-04,4.13,93610.0,43257.0,93886.0,16982.0,3.86,0.34,0.12,256.31,7.11,63.0,12.0,129.0,9.0
2024-12-05,3.87,91533.0,45024.0,96165.0,14812.0,2.51,0.29,0.1,295.82,7.26,85.0,12.0,65.0,9.0
2024-12-06,4.14,102884.0,54026.0,105565.0,17754.0,3.72,0.27,0.14,358.91,7.47,58.0,8.0,116.0,13.0
2024-12-07,4.13,113131.0,51712.0,93152.0,12629.0,3.92,0.39,0.09,315.91,7.34,89.0,10.0,82.0,5.0
2024-12-08,3.92,133414.0,61106.0,95296.0,22666.0,2.64,0.4,0.12,327.5,7.64,76.0,11.0,84.0,8.0
2024-12-09,4.1,126358.0,61344.0,76259.0,22742.0,2.74,0.45,0.1,364.11,7.56,108.0,20.0,116.0,12.0
2024-12-10,4.08,127135.0,69184.0,88957.0,19644.0,3.94,0.33,0.1,479.87,6.86,121.0,17.0,97.0,11.0
2024-12-11,4.23,111275.0,57513.0,98656.0,16590.0,3.31,0.22,0.08,374.18,7.8,80.0,16.0,131.0,9.0
2024-12-12,4.24,107297.0,55565.0,80838.0,22397.0,2.52,0.28,0.1,367.97,7.55,80.0,16.0,66.0,10.0
2024-12-13,3.83,108552.0,52777.0,78090.0,19211.0,2.89,0.49,0.1,267.35,7.66,105.0,12.0,129.0,7.0
2024-12-14,4.06,139382.0,70997.0,82553.0,22737.0,3.17,0.38,0.12,421.42,7.45,106.0,12.0,56.0,9.0
2024-12-15,4.24,92005.0,41496.0,79660.0,20209.0,3.54,0.41,0.14,261.14,7.66,68.0,13.0,69.0,10.0
2024-12-16,4.15,133352.0,68491.0,78597.0,22197.0,3.6,0.2,0.08,456.15,6.91,105.0,15.0,116.0,14.0
2024-12-17,4.4,118934.0,64382.0,86994.0,19781.0,3.99,0.36,0.05,328.26,7.15,100.0,10.0,135.0,8.0
2024-12-18,4.26,111931.0,57225.0,106314.0,17384.0,2.93,0.21,0.1,383.69,7.68,62.0,8.0,75.0,14.0
2024-12-19,3.91,126263.0,67850.0,90282.0,24453.0,3.31,0.37,0.1,413.67,7.0,115.0,18.0,83.0,11.0
2024-12-20,3.85,114333.0,59727.0,77517.0,19034.0,3.3,0.48,0.07,322.21,6.88,82.0,15.0,104.0,5.0
2024-12-21,4.25,133671.0,61764.0,73079.0,19866.0,3.11,0.49,0.13,348.01,7.59,72.0,8.0,71.0,12.0
2024-12-22,3.82,135035.0,72952.0,97846.0,14866.0,2.75,0.36,0.15,405.9,7.64,121.0,13.0,131.0,5.0
2024-12-23,4.21,111086.0,50727.0,85312.0,20133.0,3.97,0.34,0.14,307.49,6.96,76.0,15.0,127.0,15.0
2024-12-24,4.46,103841.0,52273.0,102873.0,19431.0,3.78,0.48,0.07,266.77,7.65,57.0,10.0,65.0,14.0
2024-12-25,4.2,119618.0,55528.0,96380.0,14403.0,3.25,0.4,0.14,295.25,7.49,98.0,16.0,96.0,8.0
2024-12-26,4.07,135618.0,61187.0,101850.0,12775.0,3.4,0.22,0.12,405.39,7.32,127.0,23.0,127.0,8.0
2024-12-27,4.25,100533.0,49483.0,80878.0,19857.0,2.84,0.34,0.1,260.54,7.63,95.0,14.0,84.0,9.0
2024-12-28,4.12,121148.0,58091.0,97694.0,21928.0,3.32,0.27,0.1,317.57,7.22,119.0,21.0,113.0,9.0
2024-12-29,4.18,121578.0,60619.0,80562.0,18804.0,3.54,0.34,0.13,358.06,6.99,114.0,16.0,55.0,9.0
2024-12-30,4.46,126656.0,64306.0,107563.0,14948.0,3.27,0.34,0.1,388.04,7.08,63.0,8.0,111.0,8.0
2024-12-31,4.07,96578.0,43883.0,95455.0,20665.0,3.99,0.37,0.09,286.43,7.31,67.0,12.0,65.0,11.0
2025-01-01,4.47,125791.0,58153.0,82980.0,13041.0,3.42,0.31,0.1,342.79,7.33,114.0,16.0,133.0,7.0
2025-01-02,4.43,135452.0,68520.0,80780.0,17744.0,3.06,0.25,0.11,450.84,7.61,93.0,18.0,86.0,13.0
2025-01-03,3.94,98984.0,47940.0,77637.0,14124.0,3.66,0.35,0.07,298.99,7.59,79.0,11.0,78.0,13.0
2025-01-04,3.85,101877.0,53273.0,97786.0,14398.0,2.76,0.45,0.14,278.42,7.38,82.0,16.0,134.0,10.0
2025-01-05,3.87,138570.0,71395.0,78749.0,14630.0,3.08,0.4,0.12,379.3,7.58,95.0,18.0,55.0,14.0
2025-01-06,3.81,99049.0,52948.0,93812.0,17027.0,3.02,0.3,0.11,311.02,6.99,94.0,12.0,90.0,7.0
2025-01-07,3.87,132719.0,68914.0,80585.0,12665.0,3.15,0.48,0.06,399.27,6.85,100.0,18.0,87.0,5.0
2025-01-08,4.28,114614.0,56504.0,96479.0,17171.0,3.67,0.47,0.11,366.55,7.67,84.0,12.0,78.0,11.0
2025-01-09,3.85,102362.0,52951.0,102598.0,18652.0,3.23,0.26,0.06,326.26,6.88,102.0,20.0,141.0,10.0
2025-01-10,4.02,133537.0,63769.0,101121.0,18283.0,3.69,0.21,0.06,368.35,7.05,100.0,14.0,125.0,11.0
2025-01-11,4.39,112265.0,53958.0,100434.0,16976.0,3.36,0.42,0.1,288.22,7.5,66.0,12.0,56.0,14.0
2025-01-12,3.82,115741.0,61215.0,77509.0,22909.0,3.01,0.45,0.09,333.85,7.21,88.0,13.0,121.0,15.0
2025-01-13,4.37,107962.0,53402.0,73535.0,13889.0,3.71,0.49,0.11,328.48,7.68,98.0,12.0,103.0,11.0
2025-01-14,4.0,119648.0,63394.0,97958.0,18574.0,2.86,0.47,0.06,370.66,7.1,106.0,13.0,140.0,13.0
2025-01-15,3.88,98176.0,52254.0,84734.0,12807.0,2.84,0.38,0.09,315.08,6.81,88.0,13.0,81.0,6.0
2025-01-16,4.29,109554.0,58694.0,87294.0,12925.0,3.26,0.36,0.07,313.51,7.1,94.0,16.0,107.0,7.0
2025-01-17,4.24,138471.0,75004.0,71246.0,19460.0,2.89,0.21,0.15,474.46,7.38,87.0,14.0,100.0,12.0
2025-01-18,4.41,102907.0,50743.0,80383.0,19358.0,2.51,0.27,0.11,340.24,7.18,96.0,16.0,99.0,9.0
2025-01-19,4.31,122837.0,59193.0,71347.0,23414.0,3.47,0.34,0.12,326.5,7.33,116.0,15.0,96.0,9.0
2025-01-20,4.36,106260.0,54003.0,105167.0,19252.0,3.27,0.39,0.08,323.1,7.68,63.0,9.0,71.0,8.0
2025-01-21,4.0,128674.0,62679.0,79736.0,24477.0,3.17,0.37,0.06,435.69,7.71,73.0,8.0,126.0,11.0
2025-01-22,3.92,96544.0,49248.0,92293.0,12633.0,3.95,0.42,0.15,279.06,7.07,95.0,17.0,95.0,7.0
2025-01-23,4.33,138491.0,72093.0,71559.0,13274.0,3.36,0.28,0.08,446.26,7.26,129.0,26.0,146.0,11.0
2025-01-24,4.36,112689.0,58468.0,96674.0,12573.0,3.8,0.37,0.09,302.89,7.35,107.0,15.0,76.0,7.0
2025-01-25,4.49,101803.0,49624.0,82921.0,14409.0,2.71,0.23,0.11,308.27,7.75,96.0,10.0,118.0,6.0
2025-01-26,4.09,93675.0,43717.0,105917.0,19037.0,3.35,0.32,0.05,226.42,7.8,72.0,8.0,144.0,8.0
2025-01-27,4.06,98488.0,48560.0,105525.0,20392.0,3.8,0.43,0.13,335.96,7.04,81.0,13.0,116.0,7.0
2025-01-28,4.34,115989.0,53849.0,83012.0,12593.0,3.37,0.41,0.1,346.32,7.53,90.0,14.0,137.0,14.0
2025-01-29,4.04,106850.0,57593.0,106038.0,24298.0,3.58,0.5,0.08,378.75,7.18,56.0,10.0,133.0,6.0
2025-01-30,4.45,131444.0,63696.0,109846.0,22948.0,3.06,0.28,0.06,408.18,6.81,115.0,14.0,86.0,7.0
2025-01-31,4.4,111544.0,51918.0,103017.0,15856.0,2.64,0.35,0.07,320.82,6.81,84.0,15.0,110.0,10.0
2025-02-01,4.1,102436.0,46357.0,103795.0,13003.0,3.19,0.3,0.14,273.5,7.26,84.0,14.0,66.0,10.0
2025-02-02,4.33,120857.0,62191.0,79960.0,14209.0,3.09,0.33,0.12,417.72,7.29,91.0,12.0,104.0,5.0
2025-02-03,4.33,125339.0,64385.0,93068.0,13650.0,3.8,0.46,0.07,445.14,6.82,93.0,14.0,73.0,5.0
2025-02-04,3.87,98352.0,47608.0,72690.0,13603.0,2.87,0.41,0.06,285.56,7.49,58.0,7.0,124.0,15.0
2025-02-05,4.43,98381.0,44977.0,73797.0,18741.0,3.95,0.46,0.12,308.68,7.09,63.0,9.0,103.0,12.0
2025-02-06,4.15,91834.0,45087.0,109956.0,15196.0,3.94,0.26,0.11,278.04,7.36,53.0,10.0,91.0,9.0
2025-02-07,4.38,126820.0,61016.0,83066.0,16656.0,2.87,0.46,0.09,370.78,7.1,76.0,11.0,77.0,10.0
2025-02-08,4.02,123190.0,63777.0,99927.0,24864.0,3.02,0.22,0.09,376.86,6.97,122.0,22.0,150.0,8.0
2025-02-09,4.43,113732.0,58069.0,102267.0,20896.0,3.84,0.47,0.07,314.65,7.21,66.0,10.0,57.0,8.0
2025-02-10,4.07,132209.0,64314.0,104321.0,24337.0,3.95,0.3,0.12,322.05,7.03,84.0,10.0,54.0,11.0
2025-02-11,3.81,130284.0,61466.0,109905.0,13853.0,3.17,0.29,0.15,337.02,7.33,104.0,16.0,72.0,14.0
2025-02-12,4.43,119268.0,65455.0,79660.0,16968.0,2.98,0.35,0.07,394.0,7.0,96.0,14.0,147.0,7.0
2025-02-13,3.86,133414.0,66093.0,71614.0,19212.0,3.29,0.48,0.11,380.69,7.31,77.0,11.0,148.0,13.0
2025-02-14,4.02,100292.0,52034.0,86448.0,12998.0,3.53,0.21,0.09,306.84,6.96,90.0,10.0,115.0,6.0
2025-02-15,4.47,95596.0,44362.0,75203.0,12054.0,2.91,0.31,0.09,308.82,7.47,85.0,12.0,138.0,7.0
2025-02-16,4.47,103487.0,51595.0,70897.0,20716.0,3.6,0.46,0.08,294.12,7.55,64.0,7.0,71.0,5.0
2025-02-17,4.2,92854.0,42040.0,84417.0,20344.0,2.58,0.32,0.13,248.22,6.91,60.0,7.0,147.0,6.0
2025-02-18,4.24,116558.0,58343.0,101350.0,17340.0,2.57,0.26,0.1,307.29,7.27,113.0,16.0,64.0,14.0
2025-02-19,4.11,136830.0,74764.0,92647.0,18365.0,3.08,0.33,0.1,380.99,6.87,125.0,16.0,60.0,10.0
2025-02-20,4.01,91967.0,44919.0,82511.0,17401.0,3.03,0.32,0.08,294.25,7.4,78.0,15.0,61.0,6.0
2025-02-21,4.03,96105.0,43622.0,96174.0,12312.0,2.97,0.47,0.07,267.9,7.06,52.0,7.0,107.0,15.0
2025-02-22,4.27,112610.0,51023.0,79281.0,16360.0,3.24,0.43,0.06,332.74,7.33,80.0,14.0,128.0,14.0
2025-02-23,4.33,136694.0,66816.0,70575.0,14302.0,2.98,0.35,0.12,354.11,7.32,107.0,16.0,87.0,13.0
2025-02-24,4.35,105808.0,49307.0,100574.0,13280.0,2.79,0.5,0.07,302.92,7.72,63.0,11.0,148.0,14.0
2025-02-25,4.35,115362.0,52182.0,94950.0,24437.0,2.96,0.34,0.12,287.38,7.35,84.0,11.0,93.0,7.0
2025-02-26,3.86,92079.0,48399.0,100492.0,19792.0,3.96,0.22,0.09,264.07,7.38,74.0,14.0,65.0,13.0
2025-02-27,4.15,97417.0,48305.0,71558.0,21473.0,3.12,0.28,0.09,242.64,7.2,65.0,10.0,97.0,12.0
2025-02-28,3.84,139332.0,66729.0,103485.0,16100.0,3.17,0.33,0.1,351.04,7.75,124.0,23.0,118.0,14.0
2025-03-01,4.18,138256.0,74659.0,94781.0,17111.0,3.36,0.25,0.09,419.48,7.58,127.0,17.0,133.0,13.0
2025-03-02,4.11,90247.0,41659.0,92536.0,15080.0,3.98,0.48,0.06,218.03,7.09,60.0,7.0,96.0,8.0
2025-03-03,4.42,137591.0,75068.0,94985.0,13261.0,2.86,0.43,0.08,523.35,7.64,126.0,21.0,109.0,13.0
2025-03-04,4.05,121956.0,58709.0,104577.0,14327.0,3.52,0.28,0.12,329.79,7.23,67.0,7.0,77.0,8.0
2025-03-05,3.88,133396.0,71879.0,93477.0,22368.0,3.57,0.38,0.12,378.13,7.63,123.0,18.0,115.0,8.0
2025-03-06,3.9,112737.0,57529.0,93238.0,20808.0,3.41,0.42,0.08,310.55,7.62,65.0,8.0,149.0,6.0
2025-03-07,4.33,115780.0,61673.0,109627.0,19110.0,2.63,0.48,0.1,380.85,6.99,63.0,10.0,55.0,14.0
2025-03-08,4.23,114442.0,62760.0,100269.0,18176.0,3.52,0.46,0.07,321.84,7.5,94.0,19.0,139.0,8.0
2025-03-09,3.87,123343.0,59062.0,87692.0,23992.0,2.6,0.35,0.07,397.18,7.09,91.0,13.0,106.0,10.0
2025-03-10,3.86,96983.0,52963.0,98296.0,12946.0,3.39,0.43,0.05,366.67,7.1,93.0,17.0,75.0,9.0
2025-03-11,4.29,91499.0,44738.0,85569.0,15648.0,3.61,0.37,0.14,245.77,7.1,62.0,9.0,145.0,15.0
2025-03-12,3.85,105396.0,51492.0,79155.0,16549.0,2.82,0.37,0.07,303.81,7.53,68.0,10.0,98.0,8.0
2025-03-13,4.38,125234.0,60618.0,93874.0,22172.0,3.76,0.23,0.07,305.77,7.03,94.0,18.0,83.0,13.0
2025-03-14,4.29,100093.0,50461.0,107127.0,24903.0,2.55,0.24,0.08,316.97,6.8,73.0,14.0,68.0,14.0
2025-03-15,3.86,123672.0,57559.0,107166.0,15129.0,3.77,0.36,0.06,335.44,7.52,83.0,15.0,74.0,9.0
2025-03-16,3.86,138496.0,69992.0,83676.0,23366.0,3.19,0.28,0.11,387.76,6.97,117.0,15.0,133.0,9.0
2025-03-17,4.49,94695.0,47742.0,91107.0,22798.0,2.83,0.21,0.06,258.46,6.9,83.0,13.0,111.0,12.0
2025-03-18,4.06,123630.0,65053.0,78465.0,14921.0,2.7,0.42,0.06,410.36,7.04,115.0,14.0,141.0,14.0
2025-03-19,4.06,112188.0,59837.0,109825.0,17191.0,3.93,0.21,0.11,348.99,7.18,111.0,16.0,73.0,13.0
2025-03-20,4.37,133407.0,65909.0,109245.0,17326.0,2.61,0.38,0.08,353.23,7.28,84.0,13.0,62.0,7.0
2025-03-21,4.46,98857.0,47475.0,95980.0,24717.0,2.8,0.36,0.12,302.8,6.84,85.0,16.0,51.0,14.0
2025-03-22,4.49,124631.0,59316.0,102177.0,14352.0,3.02,0.49,0.11,363.62,7.77,87.0,16.0,101.0,9.0
2025-03-23,4.33,131906.0,61925.0,98604.0,22389.0,3.43,0.35,0.08,415.97,7.52,111.0,16.0,150.0,11.0
2025-03-24,4.06,137231.0,62545.0,93726.0,16345.0,3.32,0.22,0.12,327.42,7.12,101.0,10.0,119.0,13.0
2025-03-25,3.86,124162.0,60125.0,72134.0,21501.0,2.69,0.37,0.06,395.1,7.12,124.0,23.0,81.0,7.0
2025-03-26,4.34,114859.0,54790.0,88191.0,17460.0,2.93,0.45,0.1,347.76,7.25,99.0,12.0,138.0,13.0
2025-03-27,4.19,120892.0,66085.0,96991.0,19519.0,2.86,0.5,0.09,345.63,7.43,118.0,19.0,128.0,11.0
2025-03-28,4.1,133445.0,67493.0,97101.0,22824.0,2.82,0.33,0.08,431.25,6.95,122.0,13.0,52.0,14.0
2025-03-29,4.43,118530.0,57455.0,84925.0,22454.0,3.12,0.3,0.11,338.01,6.99,113.0,16.0,132.0,7.0
2025-03-30,3.88,91519.0,46496.0,107668.0,23264.0,3.56,0.47,0.14,320.36,7.66,83.0,16.0,80.0,9.0
2025-03-31,4.14,136547.0,63347.0,76694.0,12775.0,2.83,0.26,0.15,334.68,7.06,100.0,11.0,65.0,13.0
2025-04-01,3.81,124476.0,61542.0,90014.0,20997.0,3.05,0.38,0.11,386.83,7.18,78.0,11.0,73.0,5.0
2025-04-02,4.13,123826.0,63476.0,97635.0,13820.0,3.09,0.32,0.09,365.87,7.67,85.0,11.0,97.0,6.0
2025-04-03,3.84,100784.0,50280.0,97885.0,17406.0,3.96,0.21,0.07,347.62,7.46,51.0,10.0,92.0,15.0
2025-04-04,3.88,122944.0,60265.0,95946.0,19132.0,3.93,0.3,0.08,341.09,7.14,94.0,18.0,79.0,8.0
2025-04-05,3.88,109693.0,60264.0,81012.0,17236.0,3.7,0.28,0.1,417.29,7.48,83.0,10.0,67.0,15.0
2025-04-06,4.25,122562.0,65942.0,76248.0,18755.0,2.86,0.41,0.09,448.6,6.82,93.0,10.0,126.0,7.0
2025-04-07,4.32,95330.0,48841.0,95438.0,24955.0,2.6,0.48,0.14,270.62,7.54,94.0,15.0,149.0,9.0
2025-04-08,4.21,122892.0,62299.0,93972.0,13758.0,2.98,0.28,0.09,411.61,7.29,117.0,16.0,128.0,13.0
2025-04-09,4.47,139971.0,71674.0,77174.0,20781.0,2.9,0.44,0.09,501.09,7.61,81.0,14.0,80.0,12.0
2025-04-10,4.06,92411.0,43445.0,98206.0,17148.0,3.26,0.22,0.09,239.18,7.75,63.0,7.0,74.0,11.0
2025-04-11,4.0,138859.0,67973.0,88207.0,13729.0,3.67,0.36,0.13,399.24,7.73,99.0,11.0,72.0,10.0
2025-04-12,4.41,110345.0,50091.0,96710.0,14064.0,3.79,0.22,0.12,302.57,7.71,75.0,13.0,64.0,13.0
2025-04-13,3.96,133538.0,66442.0,103495.0,24341.0,3.77,0.48,0.11,371.4,7.31,120.0,15.0,105.0,7.0
2025-04-14,4.47,129119.0,65115.0,76789.0,23435.0,3.04,0.43,0.08,327.56,7.16,98.0,18.0,111.0,9.0
2025-04-15,3.81,118351.0,55953.0,70766.0,23792.0,3.53,0.4,0.13,304.4,7.27,93.0,10.0,121.0,7.0
2025-04-16,4.48,126922.0,69351.0,101164.0,24890.0,2.97,0.45,0.05,385.86,7.49,118.0,14.0,118.0,11.0
2025-04-17,3.83,133926.0,72447.0,94388.0,14708.0,2.59,0.39,0.14,426.51,7.68,121.0,24.0,79.0,8.0
2025-04-18,4.42,110207.0,57552.0,97986.0,16621.0,3.55,0.49,0.1,307.45,7.01,62.0,9.0,83.0,8.0
2025-04-19,4.17,106352.0,53531.0,103526.0,20700.0,2.51,0.41,0.09,361.15,7.72,91.0,16.0,118.0,10.0
2025-04-20,4.5,123380.0,66255.0,102112.0,18289.0,3.11,0.48,0.1,424.68,7.62,89.0,10.0,85.0,5.0
2025-04-21,3.85,130392.0,60380.0,108437.0,17439.0,2.99,0.36,0.12,312.19,7.78,84.0,14.0,71.0,6.0
2025-04-22,4.19,128114.0,67779.0,91437.0,16652.0,3.54,0.24,0.05,427.02,7.68,67.0,12.0,87.0,12.0
2025-04-23,4.48,129891.0,60072.0,89540.0,19719.0,3.65,0.36,0.14,378.89,7.08,97.0,13.0,77.0,9.0
2025-04-24,4.17,111779.0,59178.0,86075.0,19483.0,2.96,0.24,0.09,409.07,6.91,76.0,14.0,59.0,14.0
2025-04-25,4.24,130892.0,62511.0,76148.0,14099.0,3.72,0.38,0.08,312.93,6.91,82.0,13.0,133.0,12.0
2025-04-26,4.29,96010.0,51626.0,92904.0,18133.0,2.94,0.34,0.06,283.73,7.09,81.0,11.0,135.0,5.0
2025-04-27,4.12,117224.0,63817.0,81081.0,19195.0,3.17,0.39,0.09,437.51,7.41,104.0,16.0,72.0,11.0
2025-04-28,4.24,90288.0,41973.0,106852.0,19414.0,3.59,0.2,0.1,288.11,7.6,56.0,9.0,56.0,6.0
2025-04-29,4.21,106229.0,52718.0,93328.0,14731.0,3.54,0.26,0.09,339.57,7.7,56.0,6.0,124.0,13.0
2025-04-30,4.43,108323.0,59372.0,93714.0,21650.0,3.98,0.35,0.12,387.79,7.42,100.0,14.0,71.0,15.0
2025-05-01,3.83,109809.0,54722.0,84197.0,12328.0,2.84,0.49,0.09,283.62,6.81,55.0,7.0,89.0,10.0
2025-05-02,4.0,124773.0,66923.0,72080.0,16613.0,3.49,0.32,0.15,403.39,6.99,121.0,17.0,56.0,12.0
2025-05-03,4.47,109428.0,55685.0,71270.0,22143.0,3.41,0.33,0.11,304.22,6.9,89.0,16.0,73.0,7.0
2025-05-04,4.42,112435.0,54816.0,86933.0,19331.0,3.87,0.41,0.13,293.95,7.16,74.0,11.0,129.0,9.0
2025-05-05,4.12,101877.0,48756.0,73383.0,15395.0,2.73,0.38,0.06,322.8,7.3,63.0,12.0,130.0,14.0
2025-05-06,4.23,108663.0,51106.0,94274.0,21034.0,3.63,0.29,0.09,269.33,6.84,55.0,7.0,71.0,7.0
2025-05-07,3.99,101363.0,53335.0,105239.0,19376.0,3.35,0.32,0.08,316.67,7.15,63.0,9.0,84.0,8.0
2025-05-08,3.93,93660.0,45767.0,105317.0,22351.0,2.91,0.27,0.11,314.75,6.98,53.0,10.0,63.0,9.0
2025-05-09,4.12,120172.0,60222.0,96362.0,21555.0,3.21,0.49,0.14,323.49,7.45,97.0,15.0,57.0,12.0
2025-05-10,4.05,123411.0,61611.0,78449.0,19931.0,3.0,0.24,0.06,428.56,7.26,72.0,11.0,149.0,9.0
2025-05-11,4.21,120975.0,61422.0,104520.0,18346.0,3.37,0.31,0.06,429.25,7.3,92.0,10.0,116.0,14.0
2025-05-12,3.85,113175.0,60725.0,105444.0,13731.0,3.83,0.21,0.14,371.1,7.23,90.0,13.0,104.0,6.0
2025-05-13,4.48,108989.0,59734.0,77866.0,15397.0,3.35,0.27,0.07,319.0,7.76,71.0,9.0,127.0,9.0
2025-05-14,4.49,133167.0,65353.0,99497.0,17448.0,3.45,0.43,0.12,368.08,7.01,69.0,14.0,134.0,12.0
2025-05-15,4.29,115954.0,61775.0,81461.0,19791.0,3.28,0.26,0.1,361.32,7.32,60.0,8.0,131.0,7.0
2025-05-16,4.18,113959.0,59994.0,102106.0,18678.0,2.58,0.22,0.13,337.09,7.54,58.0,11.0,52.0,12.0
2025-05-17,4.02,91282.0,46312.0,109890.0,15746.0,2.85,0.34,0.06,257.55,7.36,79.0,13.0,69.0,7.0
2025-05-18,4.37,107062.0,58414.0,71201.0,12084.0,3.24,0.2,0.06,405.65,7.73,71.0,9.0,115.0,6.0
2025-05-19,4.28,109010.0,51240.0,105895.0,18451.0,2.97,0.23,0.11,271.92,7.18,98.0,15.0,88.0,6.0
2025-05-20,3.91,109941.0,50675.0,94905.0,15713.0,2.77,0.44,0.14,327.7,7.26,79.0,14.0,148.0,14.0
2025-05-21,4.44,119009.0,63717.0,108935.0,21550.0,3.26,0.43,0.09,318.64,6.89,86.0,16.0,117.0,11.0
2025-05-22,4.38,116680.0,57630.0,88600.0,12311.0,2.98,0.47,0.08,356.87,7.41,88.0,10.0,146.0,13.0
2025-05-23,4.46,120395.0,64375.0,103896.0,19603.0,2.89,0.46,0.11,439.8,7.09,103.0,14.0,70.0,8.0
2025-05-24,4.31,128244.0,69163.0,72496.0,24239.0,3.2,0.4,0.14,385.65,6.96,82.0,11.0,136.0,11.0
2025-05-25,4.23,130649.0,59608.0,83411.0,14267.0,2.7,0.22,0.13,320.16,7.34,73.0,8.0,82.0,10.0
2025-05-26,4.09,125906.0,67781.0,72681.0,18131.0,3.89,0.43,0.15,427.25,7.33,98.0,16.0,149.0,14.0
2025-05-27,4.45,137776.0,68176.0,109014.0,13188.0,3.8,0.45,0.05,438.04,6.88,91.0,17.0,66.0,12.0
2025-05-28,4.41,90912.0,45551.0,102679.0,20134.0,3.56,0.44,0.06,290.43,7.5,66.0,9.0,102.0,12.0
2025-05-29,3.83,99789.0,51158.0,104102.0,19157.0,2.66,0.35,0.11,288.46,7.42,82.0,14.0,129.0,5.0
2025-05-30,3.82,90378.0,49043.0,107519.0,17296.0,3.66,0.27,0.13,269.95,6.99,68.0,11.0,93.0,10.0
2025-05-31,4.06,122374.0,55302.0,73404.0,18778.0,3.71,0.45,0.08,382.24,7.27,99.0,14.0,97.0,10.0
2025-06-01,4.37,134902.0,67138.0,85424.0,23655.0,3.65,0.42,0.07,459.67,7.52,104.0,12.0,149.0,14.0
2025-06-02,4.49,102174.0,53005.0,72841.0,14552.0,2.67,0.49,0.13,313.51,7.33,89.0,15.0,93.0,8.0
2025-06-03,3.91,136352.0,71213.0,78432.0,12293.0,3.47,0.25,0.06,476.58,7.2,116.0,22.0,110.0,8.0
2025-06-04,4.22,93013.0,48297.0,79175.0,23202.0,3.75,0.27,0.09,285.18,7.12,71.0,12.0,55.0,9.0
2025-06-05,4.07,136722.0,63363.0,88764.0,19503.0,3.37,0.26,0.1,370.6,7.41,115.0,12.0,134.0,7.0
2025-06-06,4.48,107581.0,51632.0,80742.0,23579.0,3.47,0.44,0.11,274.35,7.74,101.0,12.0,115.0,6.0
2025-06-07,4.39,95071.0,46192.0,74039.0,19760.0,3.19,0.26,0.12,270.35,7.47,68.0,7.0,90.0,14.0
2025-06-08,4.39,114294.0,60626.0,76700.0,22532.0,3.29,0.22,0.09,368.29,6.87,81.0,13.0,52.0,11.0
2025-06-09,4.13,102839.0,49144.0,75891.0,17586.0,2.55,0.5,0.11,247.93,7.26,91.0,16.0,109.0,14.0
2025-06-10,4.09,104244.0,49106.0,108923.0,21748.0,3.46,0.21,0.11,289.15,7.69,82.0,9.0,51.0,13.0
2025-06-11,3.99,105364.0,57502.0,100372.0,23870.0,2.62,0.45,0.1,377.37,6.89,56.0,10.0,50.0,8.0
2025-06-12,3.84,130151.0,58683.0,108710.0,19438.0,3.15,0.31,0.11,373.23,7.79,123.0,19.0,112.0,10.0
2025-06-13,4.41,116958.0,64301.0,87590.0,14350.0,2.94,0.45,0.08,403.19,7.75,60.0,10.0,69.0,6.0
2025-06-14,4.37,105565.0,54649.0,81135.0,15494.0,3.32,0.37,0.06,372.66,6.88,92.0,18.0,69.0,14.0
2025-06-15,4.5,120517.0,64217.0,101932.0,14582.0,2.7,0.47,0.06,323.4,7.73,106.0,11.0,115.0,9.0
2025-06-16,4.5,125808.0,60320.0,83050.0,15209.0,3.54,0.48,0.07,368.8,7.16,123.0,23.0,55.0,9.0
2025-06-17,4.19,103631.0,46782.0,81975.0,15983.0,3.69,0.2,0.1,307.58,7.64,55.0,6.0,81.0,8.0
2025-06-18,4.34,110677.0,57971.0,79300.0,19217.0,2.75,0.22,0.13,352.62,7.22,88.0,12.0,65.0,10.0
2025-06-19,4.46,96094.0,51258.0,75187.0,19644.0,2.66,0.28,0.12,289.49,7.24,69.0,13.0,108.0,8.0
2025-06-20,4.39,99057.0,51911.0,80259.0,17544.0,2.72,0.4,0.13,273.7,7.43,66.0,13.0,116.0,9.0
2025-06-21,3.97,124056.0,57597.0,84213.0,20000.0,3.82,0.47,0.09,390.23,7.57,68.0,10.0,122.0,13.0
2025-06-22,4.12,99072.0,52047.0,96960.0,13060.0,3.29,0.34,0.09,309.24,6.83,77.0,12.0,76.0,13.0
2025-06-23,3.89,116258.0,61256.0,72503.0,13141.0,3.2,0.38,0.09,413.86,7.39,86.0,15.0,59.0,8.0
2025-06-24,4.47,125452.0,64715.0,78420.0,14234.0,2.66,0.26,0.07,399.4,6.99,69.0,13.0,58.0,10.0
2025-06-25,4.22,95344.0,50209.0,102361.0,18735.0,3.47,0.44,0.06,318.75,7.15,77.0,9.0,93.0,14.0
2025-06-26,3.96,118366.0,63277.0,75877.0,14782.0,3.8,0.49,0.11,418.17,7.15,103.0,19.0,145.0,6.0
2025-06-27,4.27,102828.0,52582.0,83706.0,15683.0,3.74,0.28,0.15,332.23,7.27,91.0,13.0,72.0,14.0
2025-06-28,4.23,138146.0,63390.0,104586.0,17204.0,3.44,0.35,0.07,367.41,7.13,132.0,19.0,76.0,7.0
2025-06-29,4.05,114177.0,56947.0,76197.0,22554.0,2.61,0.23,0.05,343.24,6.91,80.0,11.0,60.0,12.0
2025-06-30,3.88,130300.0,59647.0,73309.0,12180.0,2.67,0.37,0.13,394.03,6.95,127.0,19.0,111.0,11.0
2025-07-01,4.27,117511.0,57669.0,89382.0,20442.0,2.57,0.35,0.08,331.44,6.83,110.0,21.0,118.0,11.0
2025-07-02,4.16,92171.0,45229.0,82097.0,20695.0,2.89,0.24,0.13,261.25,7.27,60.0,9.0,114.0,14.0
2025-07-03,4.34,121658.0,55549.0,92536.0,22383.0,2.7,0.33,0.12,288.38,7.75,71.0,14.0,136.0,6.0
2025-07-04,4.16,137570.0,66705.0,102152.0,24126.0,2.89,0.3,0.14,455.54,6.92,99.0,12.0,99.0,8.0
2025-07-05,4.4,120081.0,55369.0,75486.0,12262.0,3.08,0.36,0.09,286.93,7.75,84.0,15.0,63.0,10.0
2025-07-06,4.19,130959.0,69516.0,93228.0,13999.0,3.91,0.38,0.12,437.7,7.53,103.0,19.0,79.0,13.0
2025-07-07,4.19,134210.0,73114.0,90220.0,23520.0,3.42,0.2,0.1,425.99,7.44,106.0,18.0,116.0,7.0
2025-07-08,4.41,101404.0,46365.0,75763.0,17961.0,3.75,0.43,0.11,269.44,7.45,89.0,14.0,111.0,13.0
2025-07-09,4.08,100602.0,54880.0,94960.0,19340.0,3.57,0.41,0.09,348.99,7.63,76.0,12.0,103.0,9.0
2025-07-10,3.89,120549.0,60547.0,80946.0,20619.0,2.67,0.31,0.07,310.86,6.91,67.0,12.0,118.0,7.0
2025-07-11,3.82,110551.0,53060.0,89513.0,20828.0,3.6,0.22,0.1,328.3,7.3,103.0,19.0,114.0,13.0
2025-07-12,4.33,131993.0,60411.0,73291.0,24113.0,2.91,0.43,0.1,395.34,7.5,86.0,10.0,138.0,6.0
2025-07-13,4.23,135001.0,67509.0,88383.0,24960.0,3.46,0.49,0.13,449.37,7.39,133.0,25.0,109.0,10.0
2025-07-14,4.29,107671.0,57007.0,82259.0,21362.0,3.01,0.27,0.12,304.48,7.63,60.0,9.0,128.0,6.0
2025-07-15,3.95,101844.0,53031.0,102895.0,15734.0,4.0,0.3,0.12,360.34,6.87,100.0,13.0,75.0,9.0
2025-07-16,3.9,129026.0,58710.0,72279.0,23437.0,2.9,0.26,0.06,370.59,7.49,70.0,13.0,118.0,11.0
2025-07-17,3.81,103740.0,47439.0,86744.0,12640.0,2.92,0.37,0.12,320.87,7.33,64.0,9.0,140.0,11.0
2025-07-18,4.05,131131.0,64292.0,88337.0,15004.0,3.9,0.25,0.1,383.86,7.18,69.0,12.0,89.0,9.0
2025-07-19,4.21,111187.0,53317.0,99000.0,23666.0,2.54,0.31,0.14,324.39,7.14,95.0,12.0,128.0,9.0
2025-07-20,4.07,123377.0,58387.0,92972.0,15330.0,3.55,0.41,0.14,399.25,7.42,114.0,11.0,122.0,7.0
2025-07-21,4.11,94777.0,45313.0,96688.0,14868.0,3.59,0.37,0.06,308.12,7.69,68.0,10.0,56.0,10.0
2025-07-22,4.43,121193.0,64274.0,101082.0,13796.0,3.75,0.32,0.13,378.98,7.3,117.0,13.0,108.0,15.0
2025-07-23,4.04,112588.0,61127.0,104488.0,23168.0,3.96,0.33,0.05,339.18,7.62,90.0,16.0,63.0,14.0
2025-07-24,4.16,119330.0,58533.0,82555.0,18501.0,3.96,0.37,0.09,338.69,7.2,97.0,12.0,147.0,6.0
2025-07-25,4.35,98401.0,53197.0,91521.0,20774.0,2.6,0.2,0.1,307.24,6.9,91.0,13.0,131.0,5.0
2025-07-26,4.08,126844.0,61158.0,103604.0,15108.0,3.73,0.22,0.06,340.88,6.86,82.0,9.0,61.0,14.0
2025-07-27,4.24,133140.0,66256.0,109578.0,21855.0,3.47,0.46,0.12,366.87,6.85,90.0,12.0,62.0,10.0
2025-07-28,4.4,100837.0,47656.0,105581.0,21880.0,3.47,0.22,0.05,320.35,7.18,96.0,17.0,109.0,10.0
2025-07-29,4.46,94786.0,48724.0,84859.0,16064.0,2.69,0.41,0.07,250.43,7.14,90.0,10.0,84.0,13.0
2025-07-30,3.9,91182.0,49958.0,77807.0,17339.0,3.48,0.48,0.11,317.5,7.52,90.0,15.0,53.0,8.0
2025-07-31,4.45,122099.0,62313.0,89576.0,14726.0,3.97,0.28,0.12,333.1,7.54,116.0,22.0,104.0,10.0
2025-08-01,4.14,120355.0,58466.0,99666.0,24695.0,3.87,0.31,0.14,332.61,6.85,68.0,11.0,89.0,15.0
2025-08-02,3.98,117335.0,60402.0,89703.0,20393.0,3.16,0.37,0.12,309.44,7.02,107.0,19.0,60.0,12.0
2025-08-03,4.12,101597.0,46968.0,89327.0,24149.0,2.56,0.46,0.12,260.2,7.07,72.0,8.0,130.0,7.0
2025-08-04,4.49,109545.0,59030.0,103529.0,15944.0,3.04,0.48,0.09,385.87,7.35,109.0,14.0,142.0,6.0
2025-08-05,4.14,119724.0,59899.0,84456.0,22165.0,3.74,0.42,0.05,405.52,6.94,88.0,17.0,126.0,7.0
2025-08-06,4.03,114838.0,56838.0,104392.0,21956.0,3.55,0.23,0.06,309.37,6.93,89.0,15.0,132.0,13.0
2025-08-07,4.24,139389.0,70892.0,86272.0,20992.0,3.19,0.4,0.1,420.18,7.74,107.0,17.0,72.0,8.0
2025-08-08,3.97,96822.0,49619.0,83129.0,24553.0,2.58,0.32,0.12,294.77,7.6,64.0,11.0,76.0,5.0
2025-08-09,3.85,124757.0,57036.0,88160.0,17116.0,3.14,0.34,0.09,384.83,6.98,67.0,9.0,71.0,14.0
2025-08-10,3.89,110216.0,57121.0,100498.0,13699.0,3.2,0.21,0.12,372.75,7.21,104.0,11.0,127.0,7.0
2025-08-11,3.89,111410.0,52830.0,75040.0,20732.0,3.89,0.26,0.1,318.36,7.16,100.0,18.0,145.0,5.0
2025-08-12,3.91,125880.0,65633.0,77857.0,21481.0,3.46,0.44,0.06,416.21,7.59,72.0,12.0,122.0,7.0
2025-08-13,3.9,124622.0,66330.0,108058.0,19476.0,2.97,0.34,0.07,444.06,7.31,111.0,16.0,138.0,7.0
2025-08-14,4.25,139563.0,74024.0,77020.0,14689.0,3.29,0.29,0.13,371.53,6.93,113.0,22.0,114.0,9.0
2025-08-15,3.93,96420.0,48716.0,92709.0,18558.0,2.6,0.32,0.12,282.83,7.54,68.0,9.0,89.0,14.0
2025-08-16,4.04,95205.0,47795.0,93173.0,16058.0,3.96,0.46,0.14,325.7,7.2,60.0,8.0,93.0,14.0
2025-08-17,4.43,126217.0,58601.0,89585.0,17557.0,3.04,0.42,0.06,379.77,7.06,117.0,22.0,58.0,10.0
2025-08-18,4.13,118919.0,62734.0,95790.0,20388.0,3.22,0.28,0.15,381.78,7.18,101.0,18.0,53.0,9.0
2025-08-19,4.27,103708.0,49483.0,79193.0,21688.0,3.03,0.24,0.07,299.83,7.3,80.0,12.0,120.0,11.0
2025-08-20,3.92,93971.0,46954.0,92106.0,15019.0,3.52,0.28,0.05,267.43,7.14,76.0,9.0,94.0,7.0
2025-08-21,3.93,94283.0,45108.0,84887.0,17269.0,3.49,0.48,0.15,272.5,7.04,51.0,6.0,105.0,6.0
2025-08-22,3.83,134710.0,62422.0,96467.0,15499.0,3.57,0.37,0.08,393.93,7.2,99.0,16.0,106.0,14.0
2025-08-23,3.92,99593.0,51087.0,75649.0,14582.0,2.9,0.36,0.12,298.18,6.82,59.0,8.0,78.0,7.0
2025-08-24,4.0,106169.0,48353.0,92835.0,22184.0,2.97,0.38,0.07,310.83,7.57,64.0,12.0,98.0,7.0
2025-08-25,3.92,101333.0,53186.0,77411.0,23820.0,2.69,0.31,0.11,357.54,6.97,84.0,16.0,97.0,10.0
2025-08-26,3.86,107750.0,51909.0,81146.0,16813.0,3.48,0.44,0.14,275.61,6.84,103.0,19.0,89.0,10.0
2025-08-27,3.88,93471.0,42063.0,78748.0,21767.0,2.56,0.36,0.08,248.3,7.45,66.0,9.0,132.0,5.0
2025-08-28,4.12,115953.0,58106.0,77314.0,23661.0,3.4,0.24,0.12,337.94,7.57,70.0,13.0,95.0,6.0
2025-08-29,3.94,93381.0,42459.0,103028.0,23000.0,3.8,0.24,0.07,270.67,7.61,77.0,10.0,110.0,9.0
2025-08-30,4.05,130018.0,62099.0,81428.0,14377.0,3.84,0.36,0.11,341.53,7.29,122.0,14.0,140.0,12.0
2025-08-31,4.15,101686.0,52947.0,107085.0,24432.0,3.17,0.48,0.08,332.54,7.01,89.0,9.0,137.0,7.0
2025-09-01,4.28,117001.0,53384.0,108797.0,16897.0,3.19,0.29,0.07,360.61,7.54,109.0,15.0,139.0,9.0
2025-09-02,3.83,134004.0,71549.0,92850.0,16410.0,2.62,0.46,0.08,417.58,7.5,103.0,20.0,77.0,11.0
2025-09-03,4.36,122544.0,55192.0,75720.0,12812.0,3.51,0.43,0.07,376.52,7.05,107.0,13.0,53.0,14.0
2025-09-04,4.24,116648.0,55371.0,84982.0,18320.0,3.73,0.27,0.14,386.84,7.7,66.0,8.0,76.0,8.0
2025-09-05,3.86,106217.0,55667.0,101909.0,13417.0,2.87,0.21,0.09,290.15,6.9,72.0,14.0,78.0,6.0
2025-09-06,4.41,106650.0,51366.0,84696.0,15231.0,3.13,0.23,0.07,280.77,7.78,74.0,8.0,141.0,10.0
2025-09-07,4.44,123474.0,56822.0,73481.0,16120.0,3.76,0.42,0.09,392.11,7.66,93.0,17.0,115.0,12.0
2025-09-08,3.84,139707.0,67901.0,92271.0,22515.0,3.82,0.26,0.08,469.65,7.49,135.0,18.0,58.0,6.0
2025-09-09,3.99,123092.0,58720.0,103805.0,23381.0,2.86,0.31,0.12,305.07,7.74,115.0,12.0,64.0,9.0
2025-09-10,4.36,117889.0,62985.0,101837.0,15932.0,3.33,0.35,0.15,316.81,7.52,67.0,13.0,66.0,5.0
2025-09-11,4.32,126533.0,60905.0,77005.0,23163.0,2.79,0.42,0.09,324.15,6.99,74.0,8.0,113.0,5.0
2025-09-12,3.93,113260.0,59903.0,96911.0,23144.0,2.65,0.23,0.14,418.84,7.24,77.0,12.0,124.0,10.0
2025-09-13,3.95,93007.0,50148.0,78820.0,21940.0,3.87,0.32,0.11,268.79,6.87,60.0,8.0,136.0,8.0
2025-09-14,4.06,118115.0,58276.0,78728.0,13907.0,3.73,0.35,0.07,349.95,7.19,95.0,10.0,144.0,13.0
2025-09-15,4.14,137881.0,74593.0,104963.0,20974.0,3.64,0.36,0.12,499.54,7.54,131.0,14.0,70.0,11.0
2025-09-16,4.23,98765.0,48171.0,79987.0,24285.0,2.57,0.45,0.1,242.82,7.19,97.0,11.0,81.0,10.0
2025-09-17,4.06,124500.0,68028.0,80530.0,20873.0,3.77,0.25,0.12,422.38,7.13,103.0,11.0,74.0,9.0
2025-09-18,4.12,100047.0,45914.0,70026.0,16311.0,3.16,0.44,0.14,255.01,7.4,92.0,16.0,86.0,10.0
2025-09-19,4.32,116791.0,60580.0,104827.0,18508.0,3.01,0.41,0.09,407.38,7.67,89.0,13.0,141.0,5.0
2025-09-20,3.83,94834.0,47358.0,101704.0,20394.0,3.32,0.37,0.14,263.64,6.85,57.0,8.0,108.0,14.0
2025-09-21,3.98,112519.0,54995.0,95093.0,18637.0,2.64,0.41,0.13,350.51,7.19,86.0,12.0,124.0,15.0
2025-09-22,4.3,127808.0,65600.0,100011.0,13559.0,3.63,0.32,0.1,416.46,6.96,99.0,19.0,99.0,7.0
2025-09-23,4.43,107379.0,55878.0,76082.0,16057.0,3.37,0.24,0.11,304.14,7.5,94.0,18.0,53.0,6.0
2025-09-24,4.16,123246.0,55514.0,88333.0,22431.0,2.78,0.4,0.08,281.44,6.91,75.0,13.0,56.0,6.0
2025-09-25,4.17,129772.0,60564.0,84049.0,23198.0,2.78,0.36,0.15,352.39,7.46,89.0,17.0,104.0,12.0
2025-09-26,3.88,136359.0,71085.0,73751.0,13785.0,2.78,0.39,0.12,396.54,7.09,93.0,12.0,122.0,12.0
2025-09-27,4.11,101732.0,52559.0,89445.0,24381.0,2.59,0.3,0.05,347.83,7.0,100.0,14.0,72.0,13.0
2025-09-28,4.17,109966.0,60108.0,106830.0,16275.0,3.38,0.47,0.08,396.76,7.74,79.0,13.0,122.0,13.0
2025-09-29,3.97,97621.0,51359.0,71602.0,20610.0,3.76,0.38,0.11,303.74,6.82,86.0,14.0,131.0,9.0
2025-09-30,3.99,139624.0,76106.0,81658.0,21774.0,2.53,0.23,0.06,472.85,7.24,122.0,18.0,91.0,11.0
2025-10-01,4.06,136350.0,70937.0,78302.0,22555.0,2.57,0.33,0.05,440.41,6.82,86.0,12.0,125.0,12.0
2025-10-02,3.81,116998.0,56136.0,79526.0,24295.0,3.36,0.43,0.1,373.55,7.28,92.0,18.0,90.0,10.0
2025-10-03,4.03,132102.0,60838.0,106337.0,16068.0,3.73,0.44,0.08,355.9,7.3,125.0,23.0,118.0,10.0
2025-10-04,3.95,116048.0,61294.0,88723.0,23161.0,2.99,0.35,0.09,340.24,7.12,86.0,12.0,126.0,11.0
2025-10-05,4.03,121179.0,62336.0,88652.0,13712.0,3.02,0.47,0.08,344.72,6.93,118.0,20.0,149.0,11.0
2025-10-06,3.88,94456.0,42960.0,100423.0,21166.0,3.39,0.28,0.07,260.87,7.18,57.0,7.0,85.0,11.0
2025-10-07,4.42,127764.0,62094.0,76180.0,21646.0,2.91,0.32,0.12,366.25,7.47,69.0,8.0,91.0,11.0
2025-10-08,4.22,96386.0,52596.0,89491.0,20810.0,2.54,0.47,0.1,309.28,7.58,91.0,12.0,67.0,12.0
2025-10-09,4.28,131303.0,65657.0,87199.0,15280.0,3.6,0.47,0.07,340.25,7.33,121.0,17.0,70.0,11.0
2025-10-10,4.35,129101.0,63682.0,93876.0,23350.0,3.44,0.41,0.08,409.94,7.39,129.0,13.0,119.0,10.0
2025-10-11,4.15,125437.0,62188.0,109982.0,14195.0,3.37,0.46,0.11,337.52,7.0,105.0,19.0,142.0,12.0
2025-10-12,3.86,91808.0,43231.0,100778.0,12697.0,3.61,0.23,0.06,233.19,7.09,89.0,12.0,89.0,9.0
2025-10-13,4.18,105156.0,51198.0,85915.0,21327.0,3.51,0.46,0.06,298.25,6.96,96.0,15.0,68.0,7.0
2025-10-14,4.21,103156.0,50235.0,103102.0,18181.0,2.81,0.3,0.06,274.06,7.05,95.0,10.0,79.0,5.0
2025-10-15,4.32,108007.0,49169.0,76828.0,23038.0,3.03,0.25,0.13,303.26,7.02,85.0,10.0,96.0,11.0
2025-10-16,4.1,94382.0,49716.0,71219.0,16984.0,2.69,0.27,0.13,285.52,7.32,65.0,12.0,79.0,11.0
2025-10-17,3.89,136848.0,67281.0,78178.0,14188.0,2.69,0.33,0.13,396.81,7.36,132.0,21.0,73.0,15.0
2025-10-18,4.0,117690.0,62637.0,83616.0,22874.0,3.51,0.28,0.12,380.48,7.74,84.0,16.0,124.0,9.0
2025-10-19,4.05,105276.0,56326.0,90423.0,19136.0,3.79,0.3,0.12,304.56,7.0,81.0,16.0,51.0,9.0
2025-10-20,4.25,109849.0,51761.0,94605.0,14460.0,3.94,0.24,0.1,274.93,7.44,79.0,11.0,104.0,7.0
2025-10-21,4.2,112360.0,57948.0,106424.0,21365.0,3.44,0.29,0.11,391.78,7.62,88.0,11.0,129.0,6.0
2025-10-22,4.05,120030.0,59682.0,90394.0,18644.0,2.78,0.37,0.05,350.18,7.36,88.0,16.0,77.0,13.0
2025-10-23,4.49,115784.0,62294.0,90051.0,19856.0,2.66,0.33,0.11,362.81,7.06,61.0,12.0,110.0,7.0
2025-10-24,4.22,135970.0,64120.0,72010.0,17992.0,3.72,0.3,0.13,325.17,7.06,128.0,21.0,117.0,11.0
2025-10-25,3.97,114848.0,59466.0,71396.0,22773.0,3.37,0.42,0.1,356.56,6.84,83.0,15.0,116.0,12.0
2025-10-26,3.87,139608.0,71308.0,92046.0,22784.0,3.43,0.47,0.09,435.58,7.11,111.0,20.0,95.0,10.0
2025-10-27,3.91,132571.0,63572.0,87527.0,21222.0,3.67,0.43,0.08,388.91,7.54,76.0,10.0,85.0,14.0
2025-10-28,3.97,100426.0,46563.0,103567.0,13370.0,3.55,0.3,0.11,298.66,6.85,50.0,8.0,134.0,9.0
2025-10-29,3.91,136530.0,70335.0,76427.0,22905.0,3.75,0.42,0.12,376.64,7.02,85.0,16.0,126.0,8.0
2025-10-30,3.93,95818.0,50195.0,70999.0,20723.0,2.58,0.25,0.14,276.3,7.51,82.0,14.0,82.0,14.0
2025-10-31,4.0,130872.0,63023.0,87962.0,21061.0,3.62,0.24,0.08,417.31,7.58,72.0,7.0,60.0,14.0
2025-11-01,3.92,109031.0,56095.0,79499.0,16719.0,3.78,0.3,0.13,386.74,7.26,104.0,14.0,57.0,7.0
2025-11-02,4.43,133899.0,65545.0,71985.0,23431.0,2.93,0.44,0.11,345.55,7.5,81.0,9.0,59.0,5.0
2025-11-03,3.86,133403.0,69546.0,98984.0,21430.0,3.46,0.27,0.14,416.95,7.19,80.0,10.0,108.0,6.0
2025-11-04,4.17,130296.0,61229.0,74464.0,13464.0,2.97,0.22,0.1,332.37,6.96,77.0,15.0,55.0,8.0
2025-11-05,4.09,129502.0,69804.0,94333.0,17301.0,3.94,0.24,0.1,357.41,7.2,66.0,7.0,84.0,15.0
2025-11-06,4.49,105234.0,50380.0,81242.0,23523.0,2.55,0.46,0.11,284.7,7.38,93.0,11.0,125.0,11.0
2025-11-07,3.88,94046.0,45780.0,76940.0,12614.0,3.37,0.39,0.12,242.05,7.75,88.0,12.0,79.0,9.0
2025-11-08,4.08,110149.0,50207.0,85190.0,24498.0,2.75,0.28,0.15,322.32,6.87,89.0,14.0,126.0,14.0
2025-11-09,4.48,98676.0,45505.0,102058.0,20829.0,3.57,0.37,0.06,276.1,7.31,59.0,9.0,125.0,10.0
2025-11-10,4.41,124748.0,62572.0,85684.0,20208.0,2.76,0.36,0.06,330.86,7.13,80.0,10.0,75.0,8.0
2025-11-11,4.37,107305.0,51159.0,100031.0,15517.0,2.85,0.4,0.14,256.74,7.31,79.0,9.0,123.0,14.0
2025-11-12,3.98,138781.0,74046.0,75019.0,15234.0,3.24,0.27,0.1,489.91,6.82,136.0,17.0,125.0,13.0
2025-11-13,3.92,122049.0,55101.0,100911.0,24247.0,3.87,0.46,0.11,294.92,7.11,76.0,11.0,90.0,13.0
2025-11-14,4.27,131124.0,63977.0,79477.0,15878.0,2.82,0.29,0.1,397.45,7.62,114.0,14.0,71.0,10.0
2025-11-15,4.45,96626.0,46741.0,97096.0,22082.0,2.72,0.41,0.06,265.2,7.35,70.0,14.0,102.0,13.0
2025-11-16,4.19,133101.0,60153.0,92631.0,17111.0,3.64,0.2,0.13,371.2,7.25,86.0,13.0,142.0,7.0
2025-11-17,4.2,136138.0,62955.0,107166.0,13810.0,3.25,0.31,0.12,354.52,7.09,99.0,10.0,114.0,11.0
2025-11-18,4.0,114353.0,56189.0,85493.0,12139.0,3.87,0.31,0.08,290.72,7.1,61.0,11.0,67.0,15.0
2025-11-19,4.34,120313.0,60070.0,72647.0,19075.0,2.72,0.36,0.08,327.14,7.18,108.0,14.0,118.0,8.0
2025-11-20,3.93,128240.0,62893.0,70766.0,24685.0,3.47,0.22,0.13,338.12,7.64,80.0,13.0,93.0,13.0
2025-11-21,4.03,98742.0,49676.0,103074.0,16799.0,2.85,0.44,0.06,290.91,7.77,85.0,11.0,109.0,10.0
2025-11-22,4.1,115128.0,58659.0,90989.0,16644.0,2.74,0.27,0.14,370.53,7.24,61.0,10.0,123.0,5.0
2025-11-23,4.16,109933.0,49579.0,101010.0,16473.0,3.53,0.4,0.08,274.05,7.19,107.0,19.0,101.0,13.0
2025-11-24,3.97,97319.0,48310.0,79377.0,18767.0,3.39,0.44,0.11,242.72,7.65,58.0,11.0,131.0,7.0
2025-11-25,3.88,108377.0,59212.0,83803.0,17729.0,3.63,0.37,0.14,357.51,7.23,102.0,13.0,122.0,11.0
2025-11-26,4.23,93409.0,46882.0,71204.0,23439.0,2.96,0.42,0.12,291.21,7.35,85.0,11.0,112.0,6.0
2025-11-27,4.0,91291.0,47266.0,108460.0,18572.0,3.17,0.4,0.09,327.35,7.03,90.0,13.0,65.0,14.0
2025-11-28,4.21,96758.0,46559.0,96715.0,18601.0,3.11,0.31,0.12,287.68,7.54,71.0,14.0,134.0,8.0
2025-11-29,3.91,138156.0,72863.0,107328.0,13799.0,3.98,0.44,0.08,432.98,7.33,119.0,23.0,144.0,7.0
2025-11-30,4.14,117476.0,61944.0,80620.0,24776.0,2.94,0.29,0.08,380.76,7.61,81.0,9.0,64.0,6.0
2025-12-01,4.17,138291.0,69440.0,94459.0,15250.0,2.94,0.37,0.15,476.07,7.58,82.0,9.0,99.0,14.0
2025-12-02,3.84,111625.0,61126.0,97140.0,12954.0,3.03,0.42,0.13,406.9,7.02,81.0,12.0,76.0,12.0
2025-12-03,4.04,105591.0,48842.0,82702.0,20621.0,3.35,0.31,0.11,275.76,7.52,62.0,7.0,125.0,12.0
2025-12-04,3.89,115307.0,52084.0,103924.0,19740.0,2.88,0.29,0.09,285.13,7.6,114.0,15.0,122.0,10.0
2025-12-05,3.84,111976.0,59013.0,107886.0,17397.0,3.87,0.34,0.05,326.06,7.15,61.0,7.0,64.0,10.0
2025-12-06,4.49,95283.0,50568.0,105394.0,17488.0,2.9,0.45,0.05,303.86,6.97,76.0,12.0,138.0,6.0
2025-12-07,4.03,122041.0,56386.0,99563.0,22206.0,3.84,0.48,0.11,365.84,6.8,99.0,19.0,68.0,11.0
2025-12-08,4.37,100802.0,48038.0,81099.0,14544.0,2.66,0.36,0.13,288.54,7.25,78.0,15.0,130.0,7.0
2025-12-09,3.98,120979.0,54653.0,81265.0,22663.0,3.48,0.4,0.1,280.68,7.15,101.0,14.0,96.0,15.0
2025-12-10,4.28,122510.0,58723.0,108534.0,20434.0,3.86,0.47,0.13,378.6,7.35,68.0,11.0,83.0,13.0
2025-12-11,4.33,97601.0,51467.0,70411.0,17447.0,2.75,0.23,0.05,340.29,6.99,76.0,14.0,66.0,9.0
2025-12-12,4.22,93067.0,46701.0,98642.0,17954.0,3.95,0.27,0.09,260.54,7.66,60.0,7.0,67.0,7.0
2025-12-13,4.13,129038.0,62559.0,98250.0,15336.0,3.18,0.41,0.07,395.89,7.06,125.0,21.0,116.0,13.0
2025-12-14,4.09,112990.0,55046.0,94908.0,21777.0,3.92,0.45,0.09,322.19,7.03,100.0,14.0,105.0,6.0
2025-12-15,4.04,92908.0,41821.0,109604.0,18667.0,3.52,0.46,0.06,283.47,7.28,92.0,11.0,62.0,7.0
2025-12-16,4.45,139743.0,67074.0,82475.0,16171.0,2.95,0.32,0.15,448.76,7.3,72.0,10.0,61.0,7.0
2025-12-17,4.38,92889.0,47805.0,83599.0,19749.0,2.78,0.23,0.07,289.26,7.02,60.0,6.0,57.0,11.0
2025-12-18,4.48,124752.0,68292.0,73158.0,24945.0,2.96,0.33,0.14,435.91,7.07,75.0,13.0,124.0,13.0
2025-12-19,3.89,139184.0,74423.0,87712.0,17658.0,2.64,0.27,0.09,503.59,6.97,70.0,9.0,121.0,8.0
2025-12-20,4.31,101959.0,46122.0,80442.0,23969.0,2.72,0.29,0.15,276.34,7.52,63.0,8.0,56.0,6.0
2025-12-21,4.46,97112.0,52427.0,83735.0,16485.0,2.66,0.43,0.11,294.98,7.57,82.0,9.0,106.0,10.0
2025-12-22,3.93,96069.0,50755.0,103383.0,12712.0,3.13,0.22,0.14,330.28,7.26,59.0,11.0,58.0,12.0
2025-12-23,3.85,105164.0,55530.0,107419.0,14655.0,3.69,0.45,0.05,302.09,7.51,79.0,12.0,140.0,7.0
2025-12-24,4.32,95052.0,47127.0,77429.0,17443.0,2.71,0.33,0.12,272.25,7.54,90.0,14.0,141.0,7.0
2025-12-25,4.2,124608.0,61033.0,84900.0,14855.0,2.7,0.38,0.14,410.84,6.94,106.0,17.0,120.0,14.0
2025-12-26,4.39,93115.0,44722.0,107145.0,12003.0,3.47,0.23,0.06,288.41,7.77,65.0,9.0,143.0,15.0
2025-12-27,3.9,115471.0,52721.0,72472.0,23895.0,2.8,0.3,0.06,306.18,7.62,79.0,9.0,131.0,15.0
2025-12-28,4.36,139835.0,66117.0,73694.0,22970.0,2.65,0.23,0.09,358.98,7.0,102.0,18.0,133.0,13.0
2025-12-29,3.94,130699.0,62037.0,76512.0,21650.0,2.75,0.49,0.14,354.35,6.99,77.0,9.0,107.0,7.0
2025-12-30,3.91,120761.0,60188.0,93809.0,14182.0,3.89,0.44,0.1,335.14,6.93,99.0,11.0,81.0,7.0
2025-12-31,3.91,105313.0,55262.0,76019.0,13565.0,3.73,0.34,0.1,295.77,6.94,72.0,12.0,72.0,8.0
2026-01-01,4.37,121195.0,60280.0,108723.0,12879.0,3.03,0.27,0.06,391.02,7.55,112.0,14.0,83.0,8.0
2026-01-02,4.27,116352.0,53031.0,87869.0,21412.0,3.48,0.48,0.05,291.89,7.27,102.0,13.0,113.0,15.0
2026-01-03,4.17,111304.0,60747.0,90061.0,24075.0,3.31,0.3,0.13,358.92,7.58,90.0,13.0,67.0,13.0
2026-01-04,4.05,96536.0,52542.0,79866.0,17597.0,3.52,0.25,0.06,303.26,7.55,66.0,10.0,76.0,12.0
2026-01-05,4.41,134330.0,70996.0,88838.0,13549.0,3.52,0.37,0.11,494.43,7.4,81.0,14.0,97.0,7.0
2026-01-06,4.07,112489.0,61772.0,96477.0,18661.0,3.44,0.48,0.14,357.17,7.49,100.0,16.0,73.0,14.0
2026-01-07,4.37,99731.0,50309.0,100047.0,16535.0,2.9,0.2,0.07,259.59,6.82,74.0,12.0,109.0,13.0
2026-01-08,4.11,108388.0,59210.0,100155.0,16873.0,2.56,0.27,0.12,306.69,7.11,66.0,11.0,142.0,7.0
2026-01-09,4.06,110706.0,50655.0,93116.0,20077.0,3.18,0.48,0.06,313.12,7.44,66.0,9.0,125.0,14.0
2026-01-10,4.12,131377.0,63924.0,106174.0,21343.0,3.84,0.25,0.11,396.25,6.81,77.0,10.0,117.0,8.0
2026-01-11,4.01,126681.0,59861.0,102696.0,13438.0,3.35,0.23,0.07,349.44,6.83,113.0,16.0,108.0,6.0
2026-01-12,4.32,128465.0,60325.0,100282.0,12463.0,3.75,0.37,0.12,353.73,7.65,79.0,10.0,99.0,12.0
2026-01-13,4.15,90552.0,42023.0,72224.0,24926.0,3.99,0.46,0.08,214.65,7.48,69.0,14.0,69.0,12.0
2026-01-14,3.96,110808.0,56760.0,70275.0,15025.0,2.75,0.34,0.1,342.44,7.07,80.0,15.0,139.0,6.0
2026-01-15,4.43,114067.0,60243.0,78498.0,12700.0,3.54,0.5,0.11,362.03,7.49,90.0,10.0,75.0,8.0
2026-01-16,4.07,90960.0,46192.0,96541.0,14468.0,3.51,0.4,0.07,244.78,7.59,85.0,9.0,59.0,15.0
2026-01-17,4.18,102991.0,47859.0,86448.0,12506.0,3.97,0.22,0.12,249.24,7.11,96.0,10.0,125.0,12.0
2026-01-18,4.43,128014.0,67990.0,86096.0,17094.0,3.98,0.5,0.08,356.75,6.84,93.0,12.0,68.0,12.0
2026-01-19,4.24,96855.0,49745.0,105383.0,22431.0,3.53,0.32,0.12,258.77,7.73,49.0,5.0,87.0,7.0
2026-01-20,3.88,116766.0,57077.0,105823.0,16436.0,2.87,0.29,0.07,354.99,7.15,83.0,13.0,53.0,6.0
2026-01-21,4.46,100760.0,52135.0,106367.0,17774.0,3.7,0.37,0.12,281.16,6.91,81.0,15.0,64.0,8.0
2026-01-22,4.24,90606.0,43128.0,82555.0,20783.0,2.66,0.29,0.06,237.33,7.29,71.0,12.0,67.0,7.0
2026-01-23,4.03,102060.0,49450.0,97642.0,18616.0,3.67,0.23,0.09,264.42,7.57,84.0,10.0,55.0,7.0
2026-01-24,3.9,138794.0,75191.0,80865.0,23199.0,3.87,0.2,0.07,520.0,7.02,80.0,11.0,116.0,7.0
2026-01-25,4.36,130077.0,62313.0,77624.0,23258.0,3.07,0.33,0.12,418.08,7.07,107.0,16.0,134.0,11.0
2026-01-26,4.23,137979.0,68575.0,77385.0,12129.0,3.45,0.45,0.08,374.49,7.04,82.0,15.0,87.0,8.0
2026-01-27,4.17,114393.0,61659.0,83684.0,22115.0,3.15,0.37,0.14,348.69,7.79,100.0,18.0,137.0,13.0
2026-01-28,4.43,95487.0,49727.0,87198.0,17990.0,3.16,0.5,0.14,269.51,7.0,64.0,12.0,71.0,7.0
2026-01-29,4.35,117398.0,53559.0,103238.0,24855.0,2.97,0.29,0.07,320.49,7.38,100.0,15.0,83.0,10.0
2026-01-30,3.91,112719.0,52384.0,74796.0,18282.0,3.64,0.28,0.11,263.97,7.73,59.0,10.0,65.0,5.0
2026-01-31,4.02,132218.0,59602.0,99397.0,24830.0,3.9,0.25,0.06,378.04,6.95,93.0,10.0,112.0,10.0
2026-02-01,3.97,94904.0,48695.0,91258.0,21809.0,3.91,0.25,0.09,294.42,7.77,81.0,13.0,92.0,6.0
2026-02-02,4.32,114412.0,56607.0,81518.0,15232.0,2.76,0.29,0.12,384.78,7.75,70.0,9.0,111.0,15.0
2026-02-03,3.82,97502.0,45185.0,89713.0,18999.0,3.81,0.44,0.12,240.78,7.68,88.0,13.0,126.0,13.0
2026-02-04,4.2,106234.0,57982.0,81998.0,24898.0,3.61,0.47,0.11,383.16,7.01,87.0,14.0,105.0,10.0
2026-02-05,4.33,126868.0,63810.0,93843.0,23148.0,2.88,0.49,0.08,420.12,7.43,101.0,13.0,113.0,6.0
2026-02-06,4.41,113801.0,53963.0,87354.0,13266.0,2.6,0.27,0.09,283.54,7.56,77.0,8.0,144.0,11.0
2026-02-07,4.04,108794.0,54404.0,76576.0,21183.0,2.9,0.46,0.06,315.39,7.79,81.0,8.0,80.0,13.0
2026-02-08,4.37,109724.0,56833.0,74663.0,16493.0,3.87,0.3,0.12,303.5,6.98,88.0,9.0,86.0,7.0
2026-02-09,3.88,112972.0,51699.0,91868.0,12091.0,3.45,0.23,0.1,284.83,7.57,83.0,8.0,122.0,11.0
2026-02-10,4.39,129251.0,61713.0,106097.0,17245.0,3.58,0.46,0.12,341.06,7.14,110.0,12.0,111.0,13.0
2026-02-11,3.89,134604.0,71434.0,83758.0,15052.0,2.89,0.39,0.07,436.64,6.98,96.0,12.0,68.0,13.0
2026-02-12,4.08,137767.0,68328.0,99320.0,22645.0,3.58,0.25,0.08,397.86,7.22,83.0,10.0,88.0,13.0
2026-02-13,4.36,129345.0,65275.0,96346.0,16385.0,2.54,0.33,0.08,450.1,7.59,79.0,16.0,97.0,14.0
2026-02-14,3.9,105770.0,52175.0,107262.0,22758.0,3.06,0.29,0.05,274.06,7.26,53.0,7.0,92.0,14.0
2026-02-15,3.96,124407.0,56529.0,102839.0,12008.0,3.44,0.42,0.08,392.73,7.34,81.0,9.0,68.0,9.0
2026-02-16,4.31,111880.0,52200.0,92664.0,16002.0,2.72,0.34,0.13,285.08,7.8,98.0,15.0,142.0,11.0
2026-02-17,4.3,102734.0,50807.0,96281.0,15135.0,3.73,0.5,0.14,332.57,7.2,92.0,17.0,126.0,13.0
2026-02-18,4.25,132044.0,62182.0,105935.0,15036.0,2.85,0.22,0.1,353.06,7.42,79.0,13.0,98.0,12.0
2026-02-19,4.29,91921.0,41824.0,85981.0,12886.0,3.48,0.31,0.1,221.09,7.17,90.0,12.0,118.0,15.0
2026-02-20,4.18,135088.0,72186.0,83072.0,14433.0,3.11,0.34,0.05,484.79,7.19,101.0,16.0,140.0,5.0
2026-02-21,3.98,113074.0,61978.0,70432.0,19222.0,3.39,0.35,0.14,348.17,7.5,108.0,19.0,64.0,9.0
2026-02-22,4.04,121860.0,64502.0,103062.0,15788.0,2.66,0.29,0.05,407.51,7.74,104.0,18.0,75.0,8.0
2026-02-23,3.93,122968.0,65834.0,102039.0,17426.0,2.53,0.42,0.14,403.75,7.34,106.0,18.0,104.0,8.0
2026-02-24,4.44,134756.0,63901.0,74178.0,16899.0,3.86,0.46,0.1,379.8,7.57,73.0,14.0,130.0,7.0
2026-02-25,4.21,121833.0,66529.0,93074.0,23387.0,2.9,0.48,0.08,398.62,6.89,74.0,14.0,54.0,12.0
2026-02-26,4.08,120697.0,56690.0,88559.0,23769.0,3.73,0.44,0.14,366.47,7.01,61.0,10.0,148.0,6.0
2026-02-27,4.12,93333.0,50880.0,74748.0,18408.0,4.0,0.46,0.05,263.33,7.3,80.0,11.0,95.0,12.0
2026-02-28,4.46,115920.0,63696.0,109223.0,16292.0,2.82,0.37,0.11,403.6,6.82,78.0,13.0,86.0,12.0
2026-03-01,3.91,97508.0,50819.0,78588.0,13388.0,2.9,0.45,0.1,345.14,7.05,87.0,16.0,79.0,8.0
2026-03-02,4.21,126872.0,69540.0,72689.0,24394.0,3.49,0.29,0.07,355.74,7.32,85.0,9.0,67.0,8.0
2026-03-03,4.15,115611.0,58610.0,93794.0,12783.0,3.95,0.32,0.09,309.53,6.81,105.0,21.0,129.0,11.0
2026-03-04,4.23,124011.0,59024.0,99555.0,15869.0,3.87,0.3,0.12,379.72,7.06,70.0,8.0,146.0,13.0
2026-03-05,3.81,92084.0,45462.0,71298.0,15875.0,3.25,0.34,0.12,267.07,7.31,54.0,8.0,91.0,14.0
2026-03-06,4.41,94240.0,48002.0,96349.0,16165.0,3.69,0.29,0.05,278.75,7.37,63.0,12.0,145.0,14.0
2026-03-07,4.45,125816.0,57537.0,91292.0,14136.0,2.7,0.49,0.14,303.45,7.73,89.0,11.0,132.0,15.0
2026-03-08,4.2,93604.0,47947.0,74131.0,22181.0,3.97,0.29,0.07,288.33,7.45,63.0,9.0,98.0,11.0
2026-03-09,4.29,93563.0,51283.0,76901.0,13592.0,3.95,0.23,0.07,269.4,7.21,83.0,9.0,117.0,14.0
2026-03-10,4.45,90605.0,42495.0,92719.0,20254.0,2.75,0.36,0.08,252.98,7.73,50.0,7.0,93.0,13.0
2026-03-11,4.3,137825.0,72945.0,81854.0,13610.0,2.95,0.22,0.05,476.13,7.58,93.0,11.0,106.0,14.0
2026-03-12,3.91,126875.0,68613.0,107533.0,12917.0,2.65,0.23,0.06,378.51,7.0,117.0,16.0,56.0,5.0
2026-03-13,4.2,107663.0,58608.0,102750.0,23823.0,2.91,0.27,0.15,349.4,6.93,57.0,8.0,120.0,15.0
2026-03-14,4.22,104827.0,57237.0,109343.0,14472.0,3.72,0.34,0.08,399.74,7.48,102.0,20.0,55.0,10.0
2026-03-15,4.1,107485.0,53973.0,80387.0,22676.0,3.07,0.33,0.06,343.99,7.36,107.0,21.0,132.0,13.0
2026-03-16,4.32,128733.0,70511.0,108789.0,19080.0,2.63,0.44,0.06,471.2,7.59,70.0,8.0,132.0,6.0
2026-03-17,4.45,123069.0,64701.0,87249.0,13012.0,3.01,0.42,0.12,377.19,7.54,79.0,14.0,74.0,9.0
2026-03-18,4.45,99260.0,46272.0,83901.0,24421.0,3.97,0.33,0.14,302.42,7.43,68.0,7.0,82.0,8.0
2026-03-19,4.12,98705.0,49125.0,72014.0,15210.0,3.44,0.3,0.08,249.6,7.79,88.0,9.0,98.0,8.0
2026-03-20,3.88,94920.0,49532.0,72111.0,23175.0,3.12,0.29,0.05,259.84,7.33,76.0,8.0,110.0,6.0
2026-03-21,4.49,123015.0,58399.0,97680.0,14195.0,2.75,0.43,0.07,315.72,6.91,101.0,20.0,79.0,13.0
2026-03-22,4.39,128219.0,65912.0,88317.0,23101.0,3.98,0.22,0.06,382.55,7.63,113.0,22.0,109.0,5.0
2026-03-23,3.89,103252.0,53346.0,79061.0,12172.0,3.73,0.2,0.06,356.97,7.05,58.0,7.0,80.0,8.0
2026-03-24,4.44,91047.0,42453.0,94559.0,18653.0,2.92,0.44,0.09,241.66,7.58,83.0,10.0,56.0,7.0
2026-03-25,4.41,94109.0,47667.0,80114.0,22003.0,2.61,0.34,0.07,300.74,7.76,80.0,10.0,50.0,11.0
2026-03-26,4.16,138393.0,72956.0,93105.0,24152.0,2.58,0.24,0.1,468.28,7.5,109.0,17.0,60.0,8.0
2026-03-27,4.21,104772.0,52375.0,84368.0,23820.0,2.68,0.27,0.08,323.27,7.4,99.0,16.0,129.0,8.0
2026-03-28,4.08,128461.0,57963.0,102942.0,22655.0,3.37,0.48,0.14,331.23,7.26,109.0,13.0,146.0,10.0
2026-03-29,3.84,121233.0,54665.0,102828.0,23546.0,3.89,0.46,0.14,336.41,7.16,73.0,13.0,93.0,12.0
2026-03-30,4.03,109097.0,52989.0,89094.0,14590.0,3.25,0.41,0.11,301.22,7.15,78.0,10.0,101.0,6.0
2026-03-31,4.36,100284.0,54416.0,84033.0,15694.0,3.76,0.34,0.09,281.21,7.44,75.0,14.0,65.0,7.0
2026-04-01,3.8,96069.0,45428.0,84502.0,15757.0,3.17,0.36,0.09,317.34,7.55,51.0,8.0,105.0,7.0
2026-04-02,4.03,120751.0,61998.0,102229.0,16902.0,3.56,0.49,0.09,325.76,7.48,118.0,17.0,64.0,15.0
2026-04-03,4.08,128732.0,60788.0,83127.0,17113.0,3.6,0.49,0.12,312.74,7.0,73.0,13.0,111.0,9.0
2026-04-04,4.18,122195.0,58918.0,78362.0,19079.0,2.76,0.26,0.1,398.12,7.29,104.0,19.0,143.0,11.0
2026-04-05,4.44,116515.0,62313.0,73388.0,14078.0,3.04,0.44,0.14,349.18,7.59,88.0,11.0,70.0,7.0
2026-04-06,4.04,92098.0,48157.0,88668.0,20986.0,3.46,0.26,0.14,303.41,7.28,47.0,6.0,126.0,10.0
2026-04-07,4.04,138424.0,63612.0,89285.0,14178.0,2.61,0.26,0.08,359.91,7.34,133.0,26.0,52.0,6.0
2026-04-08,4.32,129936.0,64041.0,103636.0,16034.0,3.04,0.4,0.11,370.35,7.57,120.0,14.0,88.0,5.0
2026-04-09,4.12,104641.0,47394.0,78850.0,18543.0,3.3,0.32,0.06,261.81,7.46,80.0,8.0,61.0,10.0
2026-04-10,3.96,138999.0,69234.0,85240.0,22354.0,3.99,0.48,0.07,393.67,7.21,85.0,12.0,85.0,9.0
2026-04-11,4.12,120094.0,61998.0,102336.0,21613.0,3.21,0.23,0.09,360.91,7.7,67.0,12.0,67.0,6.0
2026-04-12,3.9,119121.0,55016.0,102945.0,20392.0,3.72,0.35,0.07,354.35,6.96,81.0,14.0,87.0,12.0
2026-04-13,3.92,127404.0,61012.0,85384.0,14025.0,3.15,0.48,0.14,367.48,7.8,80.0,15.0,92.0,15.0
2026-04-14,4.15,130588.0,63960.0,88365.0,19112.0,3.69,0.47,0.07,440.5,6.92,98.0,15.0,80.0,9.0
2026-04-15,4.09,122824.0,66565.0,82131.0,13137.0,3.39,0.25,0.1,338.4,6.81,121.0,13.0,116.0,11.0
2026-04-16,4.44,96405.0,52958.0,107302.0,16906.0,3.83,0.31,0.11,318.07,7.69,76.0,12.0,142.0,15.0
2026-04-17,4.05,106913.0,48591.0,74746.0,17376.0,3.12,0.39,0.12,299.73,7.04,101.0,18.0,90.0,13.0
2026-04-18,4.21,136404.0,71762.0,107350.0,12518.0,3.41,0.25,0.09,490.88,7.53,113.0,12.0,69.0,10.0
2026-04-19,4.24,101231.0,49317.0,97355.0,15562.0,3.45,0.49,0.14,251.43,7.61,75.0,9.0,77.0,12.0
2026-04-20,3.81,108608.0,53136.0,91263.0,24423.0,3.13,0.47,0.11,326.63,7.66,101.0,10.0,135.0,6.0
2026-04-21,4.26,111604.0,58640.0,71306.0,24397.0,2.72,0.25,0.09,393.31,7.79,82.0,13.0,107.0,10.0
2026-04-22,3.92,111970.0,60670.0,89024.0,16580.0,2.64,0.24,0.06,332.71,7.09,105.0,20.0,96.0,8.0
2026-04-23,4.47,120647.0,65764.0,86310.0,12560.0,2.53,0.23,0.1,444.08,7.51,78.0,13.0,65.0,7.0
2026-04-24,3.9,137154.0,69635.0,76449.0,14328.0,3.81,0.47,0.13,350.83,6.92,77.0,15.0,95.0,9.0
2026-04-25,4.09,102035.0,49559.0,96256.0,17099.0,2.85,0.26,0.11,320.4,7.21,95.0,10.0,78.0,6.0
2026-04-26,3.86,96075.0,50800.0,108846.0,24321.0,2.82,0.32,0.13,348.81,7.65,76.0,15.0,144.0,12.0
2026-04-27,4.5,99874.0,47450.0,92488.0,13836.0,3.6,0.33,0.1,299.62,7.17,94.0,17.0,138.0,10.0
2026-04-28,4.15,134346.0,68034.0,98590.0,21926.0,2.98,0.38,0.06,399.91,7.39,130.0,17.0,58.0,10.0
2026-04-29,4.22,122291.0,59416.0,72738.0,13413.0,3.26,0.22,0.05,302.41,7.3,64.0,13.0,102.0,6.0
2026-04-30,3.85,104295.0,53781.0,86707.0,24756.0,2.74,0.27,0.08,367.88,7.45,78.0,10.0,73.0,6.0
2026-05-01,4.32,130797.0,62003.0,74654.0,16961.0,3.94,0.48,0.12,368.34,7.77,90.0,17.0,91.0,11.0
2026-05-02,3.95,133068.0,62430.0,94512.0,22078.0,3.78,0.47,0.13,315.77,6.86,108.0,20.0,138.0,15.0
2026-05-03,4.43,132326.0,71697.0,107539.0,16454.0,3.8,0.43,0.08,457.4,7.37,119.0,21.0,103.0,6.0
2026-05-04,3.94,135946.0,62560.0,96471.0,20160.0,3.11,0.21,0.1,373.09,7.66,87.0,14.0,83.0,8.0
2026-05-05,3.93,102612.0,51367.0,73072.0,14496.0,3.64,0.3,0.09,269.61,7.28,80.0,9.0,71.0,14.0
2026-05-06,3.83,127752.0,60310.0,84187.0,13898.0,2.72,0.39,0.09,327.39,6.88,109.0,17.0,130.0,6.0
2026-05-07,4.13,113027.0,51302.0,92027.0,24195.0,2.51,0.28,0.07,263.13,7.36,64.0,9.0,112.0,14.0
2026-05-08,4.2,132100.0,59921.0,86128.0,23929.0,2.53,0.47,0.06,368.43,7.13,120.0,21.0,97.0,10.0
2026-05-09,3.85,126425.0,59106.0,103346.0,23537.0,3.38,0.39,0.07,369.06,6.95,102.0,18.0,72.0,9.0
2026-05-10,4.34,128822.0,69136.0,102587.0,20131.0,3.18,0.22,0.06,415.61,7.65,126.0,24.0,83.0,8.0
2026-05-11,4.12,122808.0,58733.0,94473.0,22507.0,3.28,0.47,0.07,389.64,7.32,82.0,8.0,146.0,8.0
2026-05-12,4.17,98871.0,53889.0,84938.0,12897.0,2.51,0.49,0.05,362.25,7.73,55.0,10.0,102.0,8.0
2026-05-13,4.11,117251.0,59583.0,80213.0,16352.0,3.13,0.22,0.11,371.27,7.61,88.0,17.0,90.0,14.0
2026-05-14,4.08,139233.0,68734.0,74235.0,16078.0,3.58,0.36,0.08,345.42,7.49,76.0,14.0,102.0,12.0
2026-05-15,4.19,136869.0,69531.0,84196.0,20263.0,3.16,0.29,0.15,444.33,6.81,135.0,15.0,128.0,12.0
2026-05-16,3.91,92159.0,46233.0,86527.0,16627.0,3.6,0.32,0.07,269.82,7.23,48.0,5.0,84.0,13.0
2026-05-17,3.93,98241.0,51663.0,97033.0,13931.0,2.85,0.25,0.08,316.75,7.0,86.0,9.0,68.0,8.0
2026-05-18,4.4,96586.0,46192.0,96326.0,19754.0,3.72,0.37,0.09,290.93,7.71,74.0,12.0,108.0,11.0
2026-05-19,4.46,126299.0,61294.0,72804.0,22587.0,3.38,0.49,0.05,349.4,6.97,86.0,14.0,117.0,10.0
2026-05-20,4.06,130889.0,70603.0,85810.0,16968.0,2.82,0.35,0.13,482.51,7.09,70.0,14.0,121.0,13.0
2026-05-21,3.99,100676.0,54833.0,77271.0,13719.0,2.86,0.22,0.05,288.85,7.32,82.0,11.0,138.0,8.0
2026-05-22,4.25,115293.0,62172.0,76273.0,14557.0,3.44,0.39,0.14,394.36,7.06,91.0,12.0,87.0,11.0
2026-05-23,4.09,132035.0,64954.0,103092.0,15087.0,3.74,0.3,0.14,325.34,7.01,85.0,14.0,58.0,14.0
2026-05-24,3.82,126640.0,66871.0,71677.0,15899.0,3.12,0.46,0.1,458.02,7.4,121.0,22.0,146.0,9.0
2026-05-25,3.91,117112.0,58279.0,86767.0,20356.0,2.89,0.33,0.1,304.51,6.89,76.0,15.0,94.0,6.0
2026-05-26,4.3,119517.0,59729.0,76728.0,19812.0,3.8,0.26,0.12,309.98,6.86,87.0,16.0,112.0,10.0
2026-05-27,4.26,115418.0,54300.0,105173.0,21049.0,3.5,0.26,0.09,307.67,7.17,89.0,13.0,117.0,8.0
2026-05-28,3.82,104877.0,53394.0,92282.0,16713.0,3.17,0.43,0.11,306.87,7.52,58.0,9.0,105.0,12.0
2026-05-29,3.96,118251.0,55414.0,79255.0,22712.0,3.23,0.28,0.05,300.82,7.35,114.0,21.0,71.0,15.0
2026-05-30,3.96,124444.0,60126.0,90097.0,14653.0,2.81,0.43,0.06,370.99,7.22,86.0,13.0,126.0,10.0
2026-05-31,4.27,133666.0,71579.0,99259.0,18098.0,3.44,0.26,0.1,421.3,7.37,72.0,9.0,130.0,10.0
2026-06-01,3.81,121815.0,57339.0,108325.0,22412.0,3.04,0.3,0.1,290.61,7.17,84.0,10.0,105.0,12.0
2026-06-02,3.87,128056.0,58536.0,78818.0,14342.0,3.99,0.34,0.14,330.1,7.74,102.0,10.0,99.0,6.0
2026-06-03,4.36,98004.0,44778.0,105447.0,13428.0,3.22,0.48,0.06,296.47,6.85,74.0,13.0,61.0,8.0
2026-06-04,3.92,113078.0,61523.0,107372.0,23488.0,3.23,0.48,0.13,392.48,7.47,96.0,11.0,58.0,14.0
2026-06-05,4.26,90467.0,45296.0,106657.0,16458.0,3.35,0.26,0.07,292.15,7.69,48.0,6.0,84.0,12.0
2026-06-06,3.97,102334.0,50240.0,95417.0,20890.0,3.88,0.31,0.09,321.35,7.6,66.0,9.0,81.0,5.0
2026-06-07,3.87,126323.0,67089.0,95193.0,12330.0,3.7,0.24,0.08,377.17,6.98,115.0,18.0,145.0,7.0
2026-06-08,3.97,139590.0,74483.0,86128.0,20971.0,3.18,0.35,0.09,387.26,7.1,75.0,11.0,128.0,12.0
2026-06-09,4.31,94959.0,45886.0,100096.0,16109.0,3.58,0.34,0.07,254.43,7.52,88.0,15.0,116.0,13.0
2026-06-10,4.4,110075.0,57169.0,91252.0,12725.0,3.38,0.47,0.1,380.95,6.88,60.0,6.0,102.0,13.0
2026-06-11,4.38,130004.0,68526.0,97098.0,19928.0,3.24,0.48,0.13,477.01,7.61,119.0,13.0,67.0,8.0
2026-06-12,4.08,100202.0,51651.0,87138.0,15130.0,2.79,0.32,0.09,309.27,7.52,68.0,10.0,148.0,14.0
2026-06-13,4.27,117754.0,54775.0,99260.0,17028.0,3.2,0.35,0.1,274.94,7.53,95.0,13.0,88.0,11.0
2026-06-14,3.94,126654.0,68087.0,102979.0,13048.0,2.87,0.47,0.13,359.51,6.9,73.0,9.0,61.0,12.0
2026-06-15,4.01,120799.0,60872.0,75857.0,13913.0,3.87,0.44,0.12,343.57,7.52,64.0,7.0,99.0,11.0
2026-06-16,4.43,99401.0,47538.0,103317.0,15874.0,3.0,0.2,0.1,292.7,7.48,60.0,11.0,137.0,6.0
2026-06-17,3.81,107769.0,53079.0,91612.0,13167.0,3.93,0.3,0.08,273.37,7.63,61.0,10.0,139.0,15.0
2026-06-18,3.86,129190.0,58621.0,103787.0,23841.0,3.3,0.33,0.14,403.7,6.84,85.0,10.0,51.0,6.0
2026-06-19,3.95,117711.0,54475.0,87252.0,12079.0,3.45,0.27,0.11,312.15,6.82,89.0,9.0,139.0,8.0
2026-06-20,3.82,90261.0,47528.0,85162.0,18290.0,3.31,0.26,0.07,324.38,7.17,72.0,14.0,77.0,13.0
2026-06-21,3.93,128050.0,57622.0,106602.0,13602.0,2.69,0.21,0.08,378.06,6.95,115.0,19.0,54.0,11.0
2026-06-22,4.21,91766.0,45117.0,80047.0,16000.0,3.06,0.39,0.13,293.75,7.36,76.0,11.0,135.0,13.0
2026-06-23,4.09,127287.0,63930.0,103768.0,24039.0,2.65,0.28,0.05,397.22,7.72,102.0,17.0,136.0,10.0
2026-06-24,4.42,100124.0,45603.0,89361.0,14102.0,3.43,0.22,0.15,285.18,7.19,71.0,12.0,110.0,9.0
2026-06-25,4.37,137904.0,75476.0,90564.0,24556.0,3.17,0.27,0.06,473.69,7.64,102.0,18.0,107.0,14.0
2026-06-26,4.04,108397.0,51230.0,82339.0,14675.0,3.67,0.44,0.13,320.57,6.8,77.0,11.0,131.0,5.0
2026-06-27,3.98,106347.0,51091.0,92922.0,21640.0,2.83,0.46,0.09,312.04,6.97,98.0,14.0,129.0,14.0
2026-06-28,4.07,97444.0,46812.0,83008.0,19107.0,2.75,0.34,0.1,326.41,6.83,60.0,6.0,139.0,7.0
2026-06-29,4.21,105280.0,49802.0,71571.0,23498.0,3.11,0.32,0.14,321.95,7.13,53.0,10.0,105.0,13.0
2026-06-30,3.99,133833.0,60244.0,80880.0,19202.0,3.89,0.49,0.09,394.84,7.71,111.0,18.0,147.0,6.0
2026-07-01,4.24,139817.0,73115.0,70255.0,18949.0,3.57,0.26,0.1,493.16,6.9,84.0,10.0,150.0,11.0
2026-07-02,4.09,108415.0,59269.0,109134.0,14541.0,3.13,0.26,0.05,321.91,7.41,102.0,20.0,62.0,14.0
2026-07-03,4.19,112431.0,53115.0,108630.0,14161.0,3.28,0.29,0.05,274.48,7.25,105.0,20.0,135.0,10.0
2026-07-04,4.11,126104.0,65108.0,85806.0,23914.0,2.63,0.25,0.07,388.42,7.74,68.0,14.0,100.0,12.0
2026-07-05,4.01,134310.0,70404.0,99135.0,16262.0,3.98,0.31,0.12,424.41,6.92,74.0,14.0,89.0,13.0
2026-07-06,4.46,119652.0,63995.0,83832.0,16837.0,3.5,0.47,0.06,426.1,7.01,89.0,18.0,111.0,12.0
2026-07-07,4.33,109576.0,53940.0,96844.0,21878.0,2.93,0.38,0.06,317.58,6.83,88.0,11.0,56.0,14.0
2026-07-08,3.9,110631.0,53135.0,102217.0,16405.0,3.38,0.32,0.09,326.34,7.23,71.0,13.0,101.0,9.0
2026-07-09,4.41,124781.0,60210.0,107870.0,24377.0,2.66,0.48,0.11,364.52,7.08,107.0,20.0,137.0,7.0
2026-07-10,4.14,90161.0,46997.0,86008.0,21593.0,3.95,0.21,0.12,238.58,7.67,72.0,9.0,71.0,5.0
2026-07-11,4.43,120979.0,64322.0,101332.0,19767.0,2.76,0.26,0.07,400.75,7.4,80.0,9.0,93.0,7.0
2026-07-12,4.36,107775.0,50456.0,80637.0,23452.0,3.47,0.37,0.06,335.84,7.41,55.0,11.0,144.0,6.0
2026-07-13,4.1,129710.0,63181.0,109613.0,12645.0,2.87,0.38,0.14,335.81,7.33,114.0,15.0,93.0,11.0
2026-07-14,3.82,94650.0,51129.0,71031.0,15342.0,3.58,0.21,0.08,316.42,6.89,57.0,11.0,86.0,7.0
2026-07-15,3.99,119410.0,63367.0,94141.0,18045.0,3.67,0.32,0.14,392.07,7.25,110.0,11.0,94.0,5.0
2026-07-16,4.18,114049.0,62554.0,96380.0,14951.0,3.51,0.39,0.14,333.31,7.8,81.0,8.0,102.0,5.0
2026-07-17,4.24,122116.0,64163.0,97522.0,21671.0,3.42,0.41,0.13,336.66,7.64,96.0,14.0,113.0,13.0
2026-07-18,3.98,93243.0,45625.0,74816.0,23950.0,3.84,0.39,0.07,317.56,7.69,87.0,11.0,130.0,11.0
2026-07-19,3.9,118999.0,60578.0,107541.0,17509.0,2.62,0.3,0.13,350.59,7.62,111.0,19.0,95.0,9.0
2026-07-20,4.38,118074.0,60938.0,77247.0,16448.0,3.0,0.23,0.13,332.41,6.9,81.0,13.0,132.0,14.0
2026-07-21,4.49,118033.0,54041.0,94910.0,24500.0,2.87,0.33,0.11,288.72,7.03,71.0,8.0,103.0,6.0
2026-07-22,4.17,120174.0,60622.0,78907.0,17783.0,3.98,0.24,0.08,384.05,6.8,107.0,12.0,84.0,15.0
2026-07-23,3.92,123823.0,64504.0,82289.0,18358.0,3.08,0.48,0.08,401.14,7.1,89.0,12.0,116.0,11.0
2026-07-24,3.99,130249.0,60792.0,91858.0,16571.0,3.6,0.34,0.06,382.2,6.91,78.0,9.0,122.0,7.0
2026-07-25,3.81,103491.0,54650.0,86688.0,23824.0,3.53,0.3,0.1,282.87,7.27,99.0,18.0,106.0,12.0
2026-07-26,4.44,131252.0,66726.0,76409.0,19396.0,2.82,0.43,0.11,452.87,7.48,79.0,11.0,56.0,13.0
2026-07-27,3.88,114913.0,62653.0,76837.0,21908.0,2.86,0.35,0.09,362.04,7.67,59.0,6.0,67.0,9.0
2026-07-28,4.2,93853.0,42632.0,86726.0,22553.0,2.92,0.29,0.1,239.88,7.55,48.0,7.0,79.0,14.0
2026-07-29,3.99,92928.0,44283.0,100291.0,16444.0,3.12,0.44,0.09,262.36,7.74,75.0,8.0,78.0,7.0
2026-07-30,4.19,106712.0,54440.0,105919.0,17638.0,2.85,0.46,0.11,314.67,6.85,89.0,10.0,117.0,8.0
2026-07-31,4.26,129245.0,61993.0,73365.0,23030.0,2.53,0.4,0.14,417.04,6.81,85.0,11.0,52.0,6.0
2026-08-01,4.38,125384.0,65381.0,85724.0,16722.0,3.82,0.21,0.07,448.41,7.46,83.0,15.0,126.0,7.0
2026-08-02,3.94,129431.0,68068.0,74010.0,22321.0,3.95,0.37,0.09,381.65,7.09,87.0,17.0,77.0,7.0
2026-08-03,3.81,115863.0,53326.0,70664.0,24233.0,3.01,0.43,0.06,358.77,7.05,97.0,18.0,81.0,14.0
2026-08-04,3.9,112010.0,56160.0,96469.0,20102.0,3.01,0.24,0.11,368.58,7.13,59.0,8.0,103.0,6.0
2026-08-05,4.43,97373.0,48773.0,94098.0,21641.0,2.51,0.27,0.12,334.66,7.07,94.0,12.0,72.0,9.0
2026-08-06,4.41,106410.0,51814.0,76521.0,22466.0,3.52,0.46,0.14,284.54,7.31,65.0,10.0,138.0,10.0
2026-08-07,4.22,111701.0,60686.0,79353.0,22986.0,3.74,0.21,0.08,373.46,7.24,112.0,19.0,59.0,14.0
2026-08-08,4.22,94430.0,50308.0,70948.0,17136.0,2.72,0.43,0.15,279.16,7.31,55.0,11.0,94.0,15.0
2026-08-09,4.27,101031.0,52508.0,103398.0,12666.0,2.74,0.34,0.06,349.08,7.47,89.0,10.0,135.0,13.0
2026-08-10,3.92,119911.0,62526.0,108988.0,17224.0,3.69,0.33,0.11,313.29,7.19,73.0,8.0,112.0,15.0
2026-08-11,4.44,126783.0,62906.0,75418.0,20759.0,3.42,0.2,0.06,385.59,7.05,69.0,12.0,79.0,13.0
2026-08-12,4.09,139917.0,75849.0,79259.0,17855.0,2.57,0.45,0.14,430.7,6.97,131.0,24.0,92.0,15.0
2026-08-13,4.07,136656.0,70987.0,104736.0,21737.0,3.43,0.31,0.1,400.75,7.15,127.0,23.0,121.0,12.0
2026-08-14,4.16,122128.0,63861.0,107059.0,16641.0,2.96,0.36,0.12,401.67,7.54,86.0,14.0,147.0,6.0
2026-08-15,3.83,111062.0,59548.0,86785.0,20252.0,3.05,0.4,0.13,399.15,7.56,95.0,18.0,139.0,9.0
2026-08-16,3.92,121809.0,58152.0,72025.0,14423.0,3.65,0.41,0.07,361.61,7.47,95.0,14.0,84.0,11.0
2026-08-17,4.32,129283.0,68611.0,71576.0,21742.0,3.72,0.49,0.05,460.13,7.03,120.0,23.0,150.0,9.0
2026-08-18,3.86,95917.0,45035.0,92958.0,19094.0,3.1,0.36,0.14,249.01,7.39,63.0,12.0,50.0,8.0
2026-08-19,4.22,110495.0,53539.0,85716.0,14653.0,3.92,0.32,0.08,323.32,7.37,84.0,16.0,53.0,11.0
2026-08-20,3.97,131990.0,63825.0,71146.0,15795.0,3.11,0.49,0.06,376.64,7.28,98.0,13.0,132.0,14.0
2026-08-21,4.07,109192.0,59821.0,93330.0,21732.0,3.66,0.39,0.1,300.5,7.35,74.0,9.0,70.0,5.0
2026-08-22,4.0,118594.0,63525.0,70452.0,18274.0,3.23,0.29,0.11,388.37,7.29,112.0,17.0,56.0,13.0
2026-08-23,4.05,119388.0,62096.0,101495.0,14808.0,3.85,0.24,0.05,392.64,7.37,70.0,10.0,74.0,12.0
2026-08-24,4.3,99224.0,51865.0,82257.0,24575.0,3.86,0.45,0.08,320.72,7.52,57.0,11.0,93.0,15.0
2026-08-25,4.01,108112.0,54727.0,71610.0,21297.0,2.63,0.31,0.05,354.22,6.91,85.0,9.0,123.0,14.0
2026-08-26,4.2,106726.0,58134.0,93534.0,24443.0,3.9,0.4,0.09,357.1,7.55,88.0,11.0,112.0,13.0
2026-08-27,4.13,91310.0,45621.0,85907.0,17552.0,3.74,0.34,0.14,234.19,6.94,55.0,10.0,74.0,10.0
2026-08-28,4.26,91210.0,44515.0,108952.0,18176.0,3.69,0.26,0.15,232.94,6.87,63.0,7.0,100.0,7.0
2026-08-29,4.46,131585.0,61358.0,91768.0,23673.0,2.8,0.38,0.11,379.99,7.78,128.0,17.0,143.0,10.0
2026-08-30,4.31,103654.0,54793.0,81010.0,18826.0,3.71,0.22,0.07,304.1,7.76,65.0,9.0,132.0,13.0
2026-08-31,3.95,115904.0,60669.0,98378.0,21195.0,3.78,0.32,0.14,313.01,6.86,97.0,16.0,82.0,14.0
2026-09-01,3.82,104936.0,51255.0,80860.0,15278.0,2.93,0.36,0.1,300.31,7.24,91.0,11.0,148.0,13.0
2026-09-02,3.98,137034.0,62011.0,106170.0,17807.0,3.93,0.33,0.07,378.8,6.99,99.0,18.0,121.0,7.0
2026-09-03,4.22,102965.0,54973.0,84989.0,13605.0,2.57,0.42,0.14,311.01,7.29,100.0,14.0,56.0,11.0
2026-09-04,3.84,111483.0,50295.0,91995.0,14678.0,2.72,0.45,0.13,323.94,7.63,97.0,19.0,54.0,8.0
2026-09-05,4.15,133637.0,69540.0,72023.0,12012.0,3.31,0.43,0.12,437.24,7.75,97.0,14.0,67.0,5.0
2026-09-06,4.22,132097.0,72260.0,87045.0,12510.0,3.36,0.21,0.12,409.4,7.43,104.0,13.0,123.0,7.0
2026-09-07,4.03,99305.0,49033.0,103295.0,24705.0,3.47,0.26,0.07,319.2,7.15,84.0,10.0,68.0,6.0
2026-09-08,4.34,130132.0,61617.0,102226.0,15151.0,2.53,0.36,0.07,388.03,7.4,104.0,10.0,101.0,13.0
2026-09-09,3.87,112909.0,58768.0,78973.0,20623.0,3.94,0.48,0.12,368.76,7.11,106.0,16.0,59.0,8.0
2026-09-10,3.85,114148.0,60694.0,79043.0,22908.0,2.57,0.45,0.07,370.65,7.71,77.0,9.0,142.0,8.0
2026-09-11,4.31,96674.0,48786.0,102692.0,19159.0,2.71,0.45,0.09,245.04,7.67,63.0,9.0,84.0,15.0
2026-09-12,4.15,94030.0,51407.0,107216.0,13991.0,2.52,0.29,0.13,328.64,7.36,57.0,9.0,141.0,9.0
2026-09-13,4.28,126397.0,57532.0,73814.0,21466.0,3.35,0.33,0.13,330.93,7.12,66.0,8.0,144.0,5.0
2026-09-14,4.1,114823.0,57467.0,88002.0,19803.0,3.9,0.34,0.1,395.67,7.09,60.0,7.0,51.0,8.0
2026-09-15,3.97,111843.0,58365.0,83498.0,21506.0,3.5,0.25,0.13,387.31,6.83,105.0,19.0,96.0,6.0
2026-09-16,4.37,126475.0,67824.0,104828.0,22007.0,3.73,0.21,0.13,418.84,7.62,106.0,21.0,52.0,6.0
2026-09-17,4.36,128276.0,60023.0,73341.0,24680.0,2.52,0.48,0.12,330.39,7.25,107.0,12.0,141.0,6.0
2026-09-18,4.29,97945.0,51911.0,78445.0,19456.0,3.31,0.27,0.07,280.71,7.13,79.0,9.0,102.0,11.0
2026-09-19,3.99,120511.0,60891.0,100099.0,16441.0,3.19,0.27,0.08,345.91,7.27,111.0,22.0,57.0,7.0
2026-09-20,4.21,96768.0,47383.0,72052.0,20430.0,3.25,0.23,0.08,282.08,7.62,72.0,7.0,61.0,9.0
2026-09-21,4.05,127569.0,59086.0,89701.0,12890.0,2.61,0.48,0.06,330.42,6.92,119.0,24.0,88.0,14.0
2026-09-22,3.86,122848.0,65911.0,87684.0,23666.0,3.53,0.37,0.08,397.44,7.66,84.0,8.0,144.0,9.0
2026-09-23,4.44,137831.0,64192.0,83376.0,13552.0,3.25,0.4,0.07,342.19,7.7,133.0,25.0,119.0,14.0
2026-09-24,3.9,93448.0,44946.0,85783.0,16262.0,3.65,0.47,0.1,312.62,7.75,79.0,10.0,137.0,10.0
2026-09-25,4.47,92853.0,44477.0,91198.0,22605.0,3.23,0.3,0.14,231.98,7.2,58.0,11.0,87.0,9.0
2026-09-26,4.11,104109.0,55921.0,76455.0,19765.0,2.72,0.39,0.06,383.84,7.02,81.0,11.0,54.0,13.0
