SRC_DS_MUL_SIM_FLG,SRC_DS_SCORE,SRC_DS_FIN_CRDT_LIM,SRC_DS_PREV_LIM,y_true,y_pred,y_proba
-0.826515318682274,0.5132149734550508,-0.9020076386135385,0.0,1,1,0.910189337502844
-0.826515318682274,1.028875101253965,1.2016162335362863,0.0,0,0,0.055628895078429864
-0.826515318682274,-0.11703629385473306,-0.9020076386135385,0.0,1,1,0.9508278063696821
-0.826515318682274,-0.747287561164517,-0.9020076386135385,0.0,1,1,0.872531109597889
-0.826515318682274,0.39862383394418105,1.2016162335362863,0.0,0,0,0.11217348365481739
-0.826515318682274,-0.4608097123873425,0.03293630456416146,0.0,1,1,0.9621223011340186
-0.826515318682274,-0.9191742704308217,-0.9020076386135385,0.0,1,1,0.8700593332247067
-0.826515318682274,-0.4608097123873425,-0.9020076386135385,0.0,1,1,0.9021147840078346
-0.826515318682274,-0.4035141426319076,0.03293630456416146,0.0,1,1,0.9621223011340186
-0.826515318682274,0.22673712467787635,0.2666722903585865,0.0,1,1,0.9472351280756321
-0.826515318682274,-0.747287561164517,0.7341442619474364,0.0,0,0,0.22586772810442288
-0.826515318682274,-1.0910609796971265,-0.9020076386135385,0.0,1,1,0.8544521377750165
-0.826515318682274,0.054850415411571644,0.2666722903585865,0.0,1,1,0.9540254896218895
1.2098989303601964,-0.2889230031210378,-0.785139645716326,0.0,0,1,0.8766450270557893
1.2098989303601964,-0.747287561164517,-0.785139645716326,0.0,1,1,0.8960286297944361
-0.826515318682274,-0.3462185728764727,-0.9020076386135385,0.0,1,1,0.9021147840078346
-0.826515318682274,-0.2889230031210378,0.03293630456416146,0.0,1,1,0.9621223011340186
1.2098989303601964,1.0861706710094,-0.785139645716326,0.0,0,1,0.5732601847186909
-0.826515318682274,-0.11703629385473306,0.03293630456416146,0.0,1,1,0.9606610662509254
-0.826515318682274,-0.5754008518982123,-0.9020076386135385,0.0,1,1,0.8824725248558472
1.2098989303601964,-0.11703629385473306,-0.40648734872935754,0.0,1,1,0.8395310325920846
1.2098989303601964,-0.17433186361016798,0.0025506264108862095,0.0,1,1,0.9462681068567138
-0.826515318682274,0.22673712467787635,-0.785139645716326,0.0,0,1,0.8247746787386936
-0.826515318682274,-0.17433186361016798,-0.785139645716326,0.0,1,1,0.8638431691525907
1.2098989303601964,-0.23162743336560287,-0.22183591995176177,0.0,1,1,0.762659799117661
-0.826515318682274,-0.4035141426319076,0.03293630456416146,0.0,1,1,0.9621223011340186
-0.826515318682274,0.5132149734550508,-0.9020076386135385,0.0,1,1,0.910189337502844
-0.826515318682274,-0.4035141426319076,-0.9020076386135385,0.0,1,1,0.9021147840078346
-0.826515318682274,-0.6326964216536473,-0.9020076386135385,0.0,1,1,0.8824725248558472
1.2098989303601964,-0.5181052821427774,-0.009136172878835041,0.0,1,1,0.9494320714229033
-0.826515318682274,-1.4921299679851707,-1.1357436244079635,0.0,1,1,0.6034394481808207
1.2098989303601964,2.6331510544061425,-0.4415477465985213,0.0,1,1,0.930625990855316
-0.826515318682274,1.4872396592974442,2.3702961625084114,0.0,0,0,0.10822487230521408
1.2098989303601964,-0.5181052821427774,-0.6682716528191135,0.0,0,1,0.5481866436870582
1.2098989303601964,-0.4035141426319076,-0.45790926560413103,0.0,1,1,0.7964708102567458
-0.826515318682274,0.28403269443331125,-0.9020076386135385,0.0,1,1,0.9640177991462153
-0.826515318682274,0.6278061129659207,-0.9020076386135385,0.0,0,1,0.917726659383653
-0.826515318682274,-0.2889230031210378,0.03293630456416146,0.0,1,1,0.9621223011340186
1.2098989303601964,-0.2889230031210378,1.2016162335362863,0.0,0,0,0.415467402810674
-0.826515318682274,-0.3462185728764727,0.03293630456416146,0.0,1,1,0.9621223011340186
-0.826515318682274,0.054850415411571644,-0.6682716528191135,0.0,1,1,0.7477087307365168
-0.826515318682274,-0.11703629385473306,1.2016162335362863,0.0,0,0,0.14838056948836373
-0.826515318682274,-0.5181052821427774,0.03293630456416146,0.0,1,1,0.9621223011340186
-0.826515318682274,0.8569883919876603,-0.6682716528191135,0.0,0,1,0.579981253202207
-0.826515318682274,-0.9191742704308217,-0.785139645716326,0.0,1,1,0.9544517391569025
1.2098989303601964,-0.05974072409929816,-0.22183591995176177,0.0,1,1,0.762659799117661
1.2098989303601964,0.22673712467787635,1.2016162335362863,0.0,0,0,0.21560890848873449
1.2098989303601964,-0.23162743336560287,0.03293630456416146,0.0,1,1,0.9462681068567138
-0.826515318682274,-0.9764698401862566,-0.9020076386135385,0.0,1,1,0.8574064243335898
-0.826515318682274,0.6851016827213556,0.5004082761530114,0.0,1,1,0.9319021527859058
-0.826515318682274,-0.4608097123873425,0.7341442619474364,0.0,1,0,0.4063955826432811
-0.826515318682274,2.0601953568517932,0.2666722903585865,0.0,0,0,0.2348948562714135
1.2098989303601964,0.16944155492244145,-0.49063230361535054,0.0,1,1,0.844519947913361
-0.826515318682274,-0.6326964216536473,0.03293630456416146,0.0,1,1,0.9632794543668518
-0.826515318682274,0.22673712467787635,1.2016162335362863,0.0,0,0,0.12813991688538487
-0.826515318682274,0.8569883919876603,2.3702961625084114,0.0,0,0,0.16239022613735288
-0.826515318682274,0.22673712467787635,-0.785139645716326,0.0,1,1,0.8247746787386936
1.2098989303601964,-0.23162743336560287,-0.22183591995176177,0.0,1,1,0.762659799117661
-0.826515318682274,0.11214598516700655,-0.9020076386135385,0.0,1,1,0.9498686266290791
-0.826515318682274,-0.17433186361016798,0.03293630456416146,0.0,1,1,0.9606610662509254
-0.826515318682274,-0.05974072409929816,-0.9020076386135385,0.0,1,1,0.9508278063696821
-0.826515318682274,0.39862383394418105,0.5004082761530114,0.0,1,1,0.9560684062739843
1.2098989303601964,-1.7213122470069104,-1.1357436244079635,0.0,0,0,0.39787243490535773
-0.826515318682274,0.28403269443331125,0.5004082761530114,0.0,1,1,0.960444268228235
1.2098989303601964,-0.23162743336560287,-0.8552604414546535,0.0,1,1,0.9177702287377314
1.2098989303601964,2.289377635873533,1.5755938108073664,0.0,1,1,0.8491139358104702
1.2098989303601964,-1.0910609796971265,-0.9020076386135385,0.0,1,1,0.7542409486157741
-0.826515318682274,0.16944155492244145,0.2666722903585865,0.0,1,1,0.9647876031520669
-0.826515318682274,0.455919403699616,-0.9020076386135385,0.0,1,1,0.8844549907164876
-0.826515318682274,-0.05974072409929816,0.2666722903585865,0.0,1,1,0.9606610662509254
1.2098989303601964,-0.6326964216536473,-0.9020076386135385,0.0,1,1,0.8244300583312592
-0.826515318682274,0.39862383394418105,-0.9020076386135385,0.0,1,1,0.9130167777190189
1.2098989303601964,1.3726485197865745,0.3438051656707467,0.0,1,0,0.47915376087309136
-0.826515318682274,-0.0024451543438632596,0.2666722903585865,0.0,1,1,0.9540254896218895
-0.826515318682274,0.5132149734550508,0.5004082761530114,0.0,1,1,0.9319021527859058
1.2098989303601964,-0.5754008518982123,-0.9978393927892528,0.0,1,1,0.8276223039425994
-0.826515318682274,-0.9191742704308217,-0.9020076386135385,0.0,1,1,0.8700593332247067
1.2098989303601964,-0.11703629385473306,-0.794489085148103,0.0,0,1,0.892347310127428
-0.826515318682274,-0.23162743336560287,-0.9020076386135385,0.0,1,1,0.9496621763537473
-0.826515318682274,-0.9764698401862566,-0.9020076386135385,0.0,1,1,0.8574064243335898
-0.826515318682274,0.3413282641887462,-0.9020076386135385,0.0,1,1,0.9640177991462153
1.2098989303601964,-0.0024451543438632596,0.6733729056408859,0.0,1,1,0.6270044806793628
-0.826515318682274,1.4872396592974442,2.3702961625084114,0.0,0,0,0.10822487230521408
1.2098989303601964,2.232082066118098,-0.19145024179848655,0.0,0,1,0.744759465052829
-0.826515318682274,0.7996928222322254,0.5004082761530114,0.0,1,1,0.9190887956733489
-0.826515318682274,-0.17433186361016798,-0.785139645716326,0.0,1,1,0.8638431691525907
1.2098989303601964,-0.6899919914090821,-0.9020076386135385,0.0,1,1,0.8153777334339716
1.2098989303601964,0.9142839617430952,2.3702961625084114,0.0,0,0,0.1876805718573885
-0.826515318682274,-0.9191742704308217,-0.6682716528191135,0.0,1,0,0.4949399912995895
-0.826515318682274,-1.0910609796971265,-0.9020076386135385,0.0,1,1,0.8544521377750165
1.2098989303601964,-0.9764698401862566,-0.9020076386135385,0.0,1,1,0.7864076256754691
1.2098989303601964,0.28403269443331125,1.2016162335362863,0.0,0,0,0.21560890848873449
-0.826515318682274,-0.17433186361016798,-0.9020076386135385,0.0,1,1,0.9508278063696821
1.2098989303601964,0.7423972524767904,2.3702961625084114,0.0,1,0,0.27757453607210303
1.2098989303601964,1.601830798808314,2.3702961625084114,0.0,0,0,0.1960596502730935
-0.826515318682274,-1.1483565494525614,-0.9020076386135385,0.0,1,1,0.8544521377750165
-0.826515318682274,0.054850415411571644,-0.785139645716326,0.0,1,1,0.8435223216952102
1.2098989303601964,-0.11703629385473306,1.2016162335362863,0.0,1,0,0.2701801753915521
1.2098989303601964,0.39862383394418105,0.5004082761530114,0.0,1,1,0.945985232151428
-0.826515318682274,-0.11703629385473306,-0.9020076386135385,0.0,1,1,0.9508278063696821
-0.826515318682274,-0.2889230031210378,1.2016162335362863,0.0,0,0,0.28819983100570995
1.2098989303601964,0.39862383394418105,-0.07691960875921829,0.0,1,1,0.570928710576166
-0.826515318682274,-0.23162743336560287,-0.785139645716326,0.0,1,1,0.8920970031828547
1.2098989303601964,-0.4608097123873425,0.018912145416495958,0.0,1,1,0.9494320714229033
1.2098989303601964,0.5705105432104858,-0.9020076386135385,0.0,1,1,0.9001536324914566
1.2098989303601964,-0.5181052821427774,-0.7874770055742703,0.0,1,1,0.9204994173606641
1.2098989303601964,-0.5754008518982123,0.18252733547259345,0.0,1,1,0.7630763988676877
-0.826515318682274,0.7423972524767904,2.3702961625084114,0.0,0,0,0.2468574067491454
1.2098989303601964,-0.6326964216536473,-0.9020076386135385,0.0,1,1,0.8244300583312592
-0.826515318682274,0.6851016827213556,-0.9020076386135385,0.0,1,1,0.917726659383653
1.2098989303601964,2.919628903183317,2.012680104242941,0.0,1,1,0.730293207621597
-0.826515318682274,0.6851016827213556,0.5004082761530114,0.0,1,1,0.9319021527859058
-0.826515318682274,0.8569883919876603,0.5004082761530114,0.0,1,1,0.9074100115806577
-0.826515318682274,-0.4035141426319076,-0.9020076386135385,0.0,1,1,0.9021147840078346
-0.826515318682274,0.39862383394418105,-0.9020076386135385,0.0,1,1,0.9130167777190189
1.2098989303601964,-0.8618787006753869,-0.7898143654322145,0.0,1,1,0.9634709265731496
-0.826515318682274,-1.0910609796971265,-0.9020076386135385,0.0,1,1,0.8544521377750165
1.2098989303601964,-0.6326964216536473,0.03293630456416146,0.0,1,1,0.9509571460610508
-0.826515318682274,-0.11703629385473306,-0.9020076386135385,0.0,1,1,0.9508278063696821
1.2098989303601964,-0.23162743336560287,0.03293630456416146,0.0,1,1,0.9462681068567138
1.2098989303601964,-0.9191742704308217,-0.7898143654322145,0.0,1,1,0.9634709265731496
1.2098989303601964,-1.95049452602865,-1.1357436244079635,0.0,1,1,0.6757362363605879
-0.826515318682274,0.6278061129659207,2.3702961625084114,0.0,0,0,0.3304744794688452
-0.826515318682274,-0.05974072409929816,0.2666722903585865,0.0,1,1,0.9606610662509254
1.2098989303601964,0.455919403699616,0.4887214768632902,0.0,1,1,0.9194683867565498
1.2098989303601964,-0.2889230031210378,-0.9020076386135385,0.0,1,1,0.8698426181380613
1.2098989303601964,-0.9191742704308217,-0.8108506041537128,0.0,1,1,0.9548219368493406
1.2098989303601964,0.5132149734550508,-0.7103441302621101,0.0,1,1,0.6217622274763465
-0.826515318682274,-0.747287561164517,0.7341442619474364,0.0,0,0,0.22586772810442288
-0.826515318682274,0.9142839617430952,2.3702961625084114,0.0,0,0,0.16239022613735288
-0.826515318682274,-0.23162743336560287,0.03293630456416146,0.0,1,1,0.9597186592118173
-0.826515318682274,-0.4608097123873425,-0.6682716528191135,0.0,0,1,0.6052352830444622
1.2098989303601964,1.2580573802757047,2.3702961625084114,0.0,0,0,0.13957260233936442
1.2098989303601964,0.8569883919876603,-0.785139645716326,0.0,1,1,0.6896844515623505
-0.826515318682274,-0.6326964216536473,0.03293630456416146,0.0,1,1,0.9632794543668518
-0.826515318682274,-0.4035141426319076,-0.9020076386135385,0.0,0,1,0.9021147840078346
-0.826515318682274,0.7423972524767904,2.3702961625084114,0.0,0,0,0.2468574067491454
-0.826515318682274,-0.0024451543438632596,0.2666722903585865,0.0,1,1,0.9540254896218895
1.2098989303601964,1.8883086475854887,2.26511496890092,0.0,1,1,0.6404560083435449
1.2098989303601964,-0.8618787006753869,0.7341442619474364,0.0,0,0,0.26671858426318723
-0.826515318682274,-0.4035141426319076,0.03293630456416146,0.0,1,1,0.9621223011340186
-0.826515318682274,0.3413282641887462,0.5004082761530114,0.0,1,1,0.960444268228235
1.2098989303601964,-0.5181052821427774,0.7341442619474364,0.0,0,0,0.4330943395923461
1.2098989303601964,-0.05974072409929816,-0.05588337003772004,0.0,1,1,0.7770109741249284
-0.826515318682274,0.16944155492244145,-0.9020076386135385,0.0,1,1,0.9633739414336314
1.2098989303601964,-0.6326964216536473,0.03293630456416146,0.0,1,1,0.9509571460610508
-0.826515318682274,-1.1483565494525614,-0.9020076386135385,0.0,1,1,0.8544521377750165
1.2098989303601964,0.5705105432104858,2.3702961625084114,0.0,0,0,0.3823467986029091
-0.826515318682274,-0.3462185728764727,0.03293630456416146,0.0,1,1,0.9621223011340186
-0.826515318682274,-2.2369723748058243,-1.1357436244079635,0.0,0,1,0.5910731986358024
-0.826515318682274,0.16944155492244145,-0.785139645716326,0.0,1,1,0.8821217747608078
-0.826515318682274,-0.4608097123873425,-0.9020076386135385,0.0,1,1,0.9021147840078346
-0.826515318682274,0.3413282641887462,0.5004082761530114,0.0,1,1,0.960444268228235
-0.826515318682274,-0.4035141426319076,0.03293630456416146,0.0,1,1,0.9621223011340186
1.2098989303601964,-2.6953369328493038,-1.1357436244079635,0.0,0,1,0.7943592652746346
-0.826515318682274,-0.23162743336560287,-0.785139645716326,0.0,1,1,0.8920970031828547
-0.826515318682274,-0.11703629385473306,0.03293630456416146,0.0,1,1,0.9606610662509254
-0.826515318682274,-0.5181052821427774,0.03293630456416146,0.0,1,1,0.9621223011340186
-0.826515318682274,-0.23162743336560287,0.03293630456416146,0.0,1,1,0.9597186592118173
-0.826515318682274,-0.2889230031210378,0.03293630456416146,0.0,1,1,0.9621223011340186
-0.826515318682274,-0.6326964216536473,-0.9020076386135385,0.0,1,1,0.8824725248558472
-0.826515318682274,-1.0910609796971265,-0.9020076386135385,0.0,1,1,0.8544521377750165
-0.826515318682274,-0.3462185728764727,0.03293630456416146,0.0,1,1,0.9621223011340186
-0.826515318682274,2.174786496362663,2.3702961625084114,0.0,0,0,0.1667451059283605
-0.826515318682274,0.16944155492244145,-0.20079968123026354,0.0,1,1,0.68427539004007
1.2098989303601964,0.39862383394418105,1.0450131230540216,0.0,0,1,0.6949497651159332
1.2098989303601964,2.174786496362663,0.21525037348381296,0.0,1,0,0.41959972928485006
1.2098989303601964,-0.6899919914090821,0.01657478555855171,0.0,1,1,0.9349881364508761
-0.826515318682274,0.22673712467787635,0.2666722903585865,0.0,1,1,0.9472351280756321
-0.826515318682274,1.1434662407648348,2.3702961625084114,0.0,1,0,0.10728500021598943
-0.826515318682274,-0.9764698401862566,-0.9020076386135385,0.0,1,1,0.8574064243335898
-0.826515318682274,0.054850415411571644,-0.9020076386135385,0.0,1,1,0.9498686266290791
1.2098989303601964,1.3726485197865745,0.8463375351287604,0.0,0,1,0.7383185938668904
-0.826515318682274,-0.6899919914090821,-0.9020076386135385,0.0,1,1,0.8759625982851191
1.2098989303601964,1.4299440895420092,2.3235489653495263,0.0,0,1,0.6662906658071841
-0.826515318682274,-0.11703629385473306,-0.785139645716326,0.0,1,1,0.8638431691525907
1.2098989303601964,-1.0337654099416915,0.3625040445343007,0.0,1,0,0.4556188595825873
-0.826515318682274,1.2580573802757047,2.3702961625084114,0.0,0,0,0.11764457633109325
-0.826515318682274,-1.1483565494525614,-0.785139645716326,0.0,1,1,0.964919810676023
1.2098989303601964,0.6851016827213556,2.3702961625084114,0.0,0,0,0.2655156553579178
-0.826515318682274,-0.6326964216536473,0.7341442619474364,0.0,0,0,0.3690780099086437
-0.826515318682274,-0.11703629385473306,-0.9020076386135385,0.0,1,1,0.9508278063696821
1.2098989303601964,1.3153529500311396,0.03293630456416146,0.0,0,0,0.3662758191348934
-0.826515318682274,1.8883086475854887,2.3702961625084114,0.0,0,0,0.051199168891595453
1.2098989303601964,1.3153529500311396,2.3702961625084114,0.0,0,0,0.13957260233936442
-0.826515318682274,-0.3462185728764727,0.03293630456416146,0.0,1,1,0.9621223011340186
-0.826515318682274,-0.747287561164517,-0.785139645716326,0.0,1,1,0.915895136487684
-0.826515318682274,-0.11703629385473306,0.03293630456416146,0.0,1,1,0.9606610662509254
-0.826515318682274,-0.6899919914090821,0.7341442619474364,0.0,0,0,0.34531103187804074
-0.826515318682274,-0.4035141426319076,0.03293630456416146,0.0,1,1,0.9621223011340186
-0.826515318682274,0.054850415411571644,-0.6682716528191135,0.0,1,1,0.7477087307365168
-0.826515318682274,-0.4608097123873425,0.03293630456416146,0.0,0,1,0.9621223011340186
-0.826515318682274,-0.4608097123873425,-0.9020076386135385,0.0,0,1,0.9021147840078346
1.2098989303601964,-1.0337654099416915,-0.7874770055742703,0.0,1,1,0.956836498460718
1.2098989303601964,-0.05974072409929816,0.14512957774548546,0.0,1,1,0.9462681068567138
-0.826515318682274,-0.11703629385473306,-0.9020076386135385,0.0,1,1,0.9508278063696821
-0.826515318682274,-0.4608097123873425,-0.6682716528191135,0.0,1,1,0.6052352830444622
-0.826515318682274,0.22673712467787635,0.2666722903585865,0.0,1,1,0.9472351280756321
1.2098989303601964,0.8569883919876603,2.3702961625084114,0.0,0,0,0.1876805718573885
1.2098989303601964,0.28403269443331125,1.0146274449007464,0.0,1,1,0.6389152013565242
-0.826515318682274,-0.2889230031210378,-0.785139645716326,0.0,0,1,0.899801114270301
-0.826515318682274,1.4872396592974442,2.3702961625084114,0.0,0,0,0.10822487230521408
1.2098989303601964,1.4872396592974442,-0.45089718603029827,0.0,1,1,0.802693244057383
-0.826515318682274,0.22673712467787635,0.2666722903585865,0.0,0,1,0.9472351280756321
-0.826515318682274,1.3726485197865745,2.3702961625084114,0.0,1,0,0.11556269920138836
-0.826515318682274,-0.23162743336560287,0.03293630456416146,0.0,1,1,0.9597186592118173
-0.826515318682274,-0.6326964216536473,-0.9020076386135385,0.0,1,1,0.8824725248558472
-0.826515318682274,-0.747287561164517,-0.785139645716326,0.0,1,1,0.915895136487684
-0.826515318682274,-1.0910609796971265,-0.785139645716326,0.0,0,1,0.964919810676023
-0.826515318682274,-0.8618787006753869,-0.9020076386135385,0.0,1,1,0.8661470245213252
1.2098989303601964,-1.1483565494525614,-0.9020076386135385,0.0,1,1,0.7542409486157741
1.2098989303601964,-0.8618787006753869,-0.6939826112565003,0.0,1,1,0.566339973200435
1.2098989303601964,0.8569883919876603,2.3702961625084114,0.0,0,0,0.1876805718573885
-0.826515318682274,-0.3462185728764727,-0.9020076386135385,0.0,1,1,0.9021147840078346
1.2098989303601964,3.0342200426941868,1.0613746420596315,0.0,0,1,0.8645446902722007
1.2098989303601964,-0.0024451543438632596,-0.8015011647219358,0.0,1,1,0.7828275780477006
-0.826515318682274,-0.747287561164517,0.7341442619474364,0.0,0,0,0.22586772810442288
-0.826515318682274,0.3413282641887462,-0.20079968123026354,0.0,0,1,0.6407049406021089
-0.826515318682274,-1.1483565494525614,0.7341442619474364,0.0,0,0,0.23684248459557744
-0.826515318682274,1.3726485197865745,2.3702961625084114,0.0,0,0,0.11556269920138836
-0.826515318682274,0.3413282641887462,1.2016162335362863,0.0,0,0,0.12813991688538487
1.2098989303601964,2.9769244729387516,0.8954220921455897,0.0,1,1,0.7263689990955492
1.2098989303601964,0.11214598516700655,-0.20547440094615205,0.0,0,1,0.5465768873100468
-0.826515318682274,0.28403269443331125,0.5004082761530114,0.0,1,1,0.960444268228235
-0.826515318682274,-0.11703629385473306,0.03293630456416146,0.0,1,1,0.9606610662509254
-0.826515318682274,0.5705105432104858,2.3702961625084114,0.0,1,0,0.3304744794688452
-0.826515318682274,-0.0024451543438632596,-1.0889964272490784,0.0,1,1,0.9048115387931538
-0.826515318682274,-0.4608097123873425,-0.9020076386135385,0.0,1,1,0.9021147840078346
-0.826515318682274,-0.17433186361016798,-0.785139645716326,0.0,0,1,0.8638431691525907
1.2098989303601964,0.3413282641887462,0.5004082761530114,0.0,1,1,0.9390726963206381
-0.826515318682274,0.28403269443331125,0.5004082761530114,0.0,1,1,0.960444268228235
-0.826515318682274,0.455919403699616,-0.9020076386135385,0.0,1,1,0.8844549907164876
1.2098989303601964,2.6331510544061425,0.3297810065230812,0.0,1,1,0.6618293982976496
-0.826515318682274,-0.05974072409929816,1.2016162335362863,0.0,0,0,0.14838056948836373
1.2098989303601964,0.5132149734550508,-0.757091327420995,0.0,1,1,0.5628572741660138
-0.826515318682274,0.22673712467787635,0.2666722903585865,0.0,1,1,0.9472351280756321
-0.826515318682274,-0.8618787006753869,0.7341442619474364,0.0,0,0,0.3291793465371561
1.2098989303601964,-0.6326964216536473,-0.9020076386135385,0.0,0,1,0.8244300583312592
-0.826515318682274,-0.0024451543438632596,0.2666722903585865,0.0,1,1,0.9540254896218895
-0.826515318682274,1.1434662407648348,2.3702961625084114,0.0,0,0,0.10728500021598943
-0.826515318682274,-0.4608097123873425,0.03293630456416146,0.0,1,1,0.9621223011340186
1.2098989303601964,0.28403269443331125,1.2016162335362863,0.0,0,0,0.21560890848873449
1.2098989303601964,-0.4035141426319076,-0.850585721738765,0.0,1,1,0.8835980554443708
-0.826515318682274,-0.11703629385473306,-0.9020076386135385,0.0,1,1,0.9508278063696821
-0.826515318682274,-0.9764698401862566,-0.9020076386135385,0.0,1,1,0.8574064243335898
1.2098989303601964,-0.4035141426319076,0.7341442619474364,0.0,1,0,0.4595278762942533
1.2098989303601964,-1.0337654099416915,-0.9020076386135385,0.0,1,1,0.7864076256754691
1.2098989303601964,-0.3462185728764727,-0.9020076386135385,0.0,1,1,0.8521476337201385
-0.826515318682274,0.5705105432104858,0.7341442619474364,0.0,0,0,0.2587059891551316
1.2098989303601964,-0.23162743336560287,-0.21949856009381755,0.0,1,1,0.5915457299633248
1.2098989303601964,-1.1483565494525614,-0.972128434351866,0.0,0,1,0.7486030936106575
-0.826515318682274,1.7164219383191839,2.3702961625084114,0.0,0,0,0.05716660183646554
-0.826515318682274,0.054850415411571644,-0.9020076386135385,0.0,1,1,0.9498686266290791
1.2098989303601964,-0.4608097123873425,-0.9020076386135385,0.0,1,1,0.8521476337201385
1.2098989303601964,1.4872396592974442,2.3702961625084114,0.0,0,0,0.14770414869230036
-0.826515318682274,-0.6899919914090821,0.03293630456416146,0.0,1,1,0.9511165024566928
-0.826515318682274,0.054850415411571644,-0.6682716528191135,0.0,1,1,0.7477087307365168
-0.826515318682274,-0.4608097123873425,0.03293630456416146,0.0,1,1,0.9621223011340186
-0.826515318682274,-0.5754008518982123,0.03293630456416146,0.0,1,1,0.9632794543668518
1.2098989303601964,1.0861706710094,-0.20079968123026354,0.0,1,0,0.4235910681135341
-0.826515318682274,-0.6326964216536473,-0.9020076386135385,0.0,1,1,0.8824725248558472
-0.826515318682274,0.16944155492244145,0.2666722903585865,0.0,1,1,0.9647876031520669
-0.826515318682274,-0.11703629385473306,-0.20079968123026354,0.0,0,1,0.6522615119816386
1.2098989303601964,2.805037763672447,-0.7243682894097755,0.0,1,1,0.9214581839314184
-0.826515318682274,-0.4608097123873425,-0.9020076386135385,0.0,1,1,0.9021147840078346
-0.826515318682274,0.054850415411571644,0.2666722903585865,0.0,1,1,0.9540254896218895
1.2098989303601964,2.690446624161577,0.14746693760342972,0.0,1,1,0.6102911858940067
1.2098989303601964,-0.0024451543438632596,-0.6472354140976153,0.0,1,1,0.8203270934810978
1.2098989303601964,-0.17433186361016798,-0.8061758844378243,0.0,1,1,0.866384029279513
-0.826515318682274,-0.4608097123873425,0.03293630456416146,0.0,1,1,0.9621223011340186
-0.826515318682274,1.7737175080746188,2.3702961625084114,0.0,0,0,0.040464412232035084
-0.826515318682274,-0.11703629385473306,-0.9020076386135385,0.0,1,1,0.9508278063696821
-0.826515318682274,-0.11703629385473306,0.03293630456416146,0.0,1,1,0.9606610662509254
1.2098989303601964,2.0601953568517932,2.3702961625084114,0.0,0,0,0.0855727112093548
1.2098989303601964,-0.4035141426319076,0.03293630456416146,0.0,1,1,0.9494320714229033
-0.826515318682274,0.5705105432104858,-0.9020076386135385,0.0,1,1,0.917726659383653
1.2098989303601964,-1.6640166772514755,-1.1357436244079635,0.0,0,1,0.6941469197612095
1.2098989303601964,1.4299440895420092,1.0894229603549623,0.0,0,1,0.761309863348009
-0.826515318682274,0.16944155492244145,0.2666722903585865,0.0,1,1,0.9647876031520669
-0.826515318682274,-0.4608097123873425,0.03293630456416146,0.0,1,1,0.9621223011340186
1.2098989303601964,0.3413282641887462,-0.9207065174770925,0.0,0,1,0.9376100985491861
-0.826515318682274,0.054850415411571644,-0.9020076386135385,0.0,1,1,0.9498686266290791
1.2098989303601964,-0.8618787006753869,-0.9020076386135385,0.0,0,1,0.8018523404455535
-0.826515318682274,-0.2889230031210378,-0.785139645716326,0.0,1,1,0.899801114270301
-0.826515318682274,-1.1483565494525614,-0.9020076386135385,0.0,1,1,0.8544521377750165
-0.826515318682274,-0.6326964216536473,-0.9020076386135385,0.0,1,1,0.8824725248558472
1.2098989303601964,0.455919403699616,0.007225346126774709,0.0,1,1,0.7069807205093414
-0.826515318682274,-0.4035141426319076,-0.6682716528191135,0.0,1,1,0.6052352830444622
1.2098989303601964,0.22673712467787635,1.2016162335362863,0.0,0,0,0.21560890848873449
-0.826515318682274,0.054850415411571644,-0.9020076386135385,0.0,1,1,0.9498686266290791
-0.826515318682274,-0.6326964216536473,0.7341442619474364,0.0,0,0,0.3690780099086437
-0.826515318682274,-0.3462185728764727,0.03293630456416146,0.0,1,1,0.9621223011340186
-0.826515318682274,-0.3462185728764727,-0.785139645716326,0.0,1,1,0.899801114270301
1.2098989303601964,-0.23162743336560287,0.03293630456416146,0.0,1,1,0.9462681068567138
-0.826515318682274,0.39862383394418105,0.5004082761530114,0.0,1,1,0.9560684062739843
-0.826515318682274,-1.0910609796971265,-0.9020076386135385,0.0,1,1,0.8544521377750165
-0.826515318682274,2.403968775384403,2.3702961625084114,0.0,0,0,0.10162036199570515
-0.826515318682274,-0.23162743336560287,0.03293630456416146,0.0,1,1,0.9597186592118173
-0.826515318682274,-0.11703629385473306,0.03293630456416146,0.0,1,1,0.9606610662509254
-0.826515318682274,-0.11703629385473306,0.03293630456416146,0.0,1,1,0.9606610662509254
-0.826515318682274,1.4872396592974442,0.03293630456416146,0.0,0,0,0.26067361923640936
-0.826515318682274,-0.5181052821427774,-0.9020076386135385,0.0,1,1,0.9021147840078346
-0.826515318682274,0.16944155492244145,-0.9020076386135385,0.0,1,1,0.9633739414336314
-0.826515318682274,-0.11703629385473306,-0.9020076386135385,0.0,1,1,0.9508278063696821
-0.826515318682274,-0.6326964216536473,-0.6682716528191135,0.0,1,1,0.5806757770803354
1.2098989303601964,0.5132149734550508,0.5004082761530114,0.0,1,1,0.9167552876729537
-0.826515318682274,-0.747287561164517,-0.785139645716326,0.0,0,1,0.915895136487684
1.2098989303601964,-0.05974072409929816,-0.6285365352340613,0.0,1,1,0.8502442392483298
-0.826515318682274,0.39862383394418105,0.5004082761530114,0.0,1,1,0.9560684062739843
-0.826515318682274,-0.5754008518982123,0.7341442619474364,0.0,0,0,0.3690780099086437
1.2098989303601964,-0.9764698401862566,-1.1357436244079635,0.0,0,0,0.3861189312749605
-0.826515318682274,-0.747287561164517,-0.9020076386135385,0.0,1,1,0.872531109597889
1.2098989303601964,0.9142839617430952,0.9398319294465305,0.0,1,1,0.6935000301031374
1.2098989303601964,-0.3462185728764727,-0.6682716528191135,0.0,0,1,0.5481866436870582
-0.826515318682274,-0.6326964216536473,-0.9020076386135385,0.0,1,1,0.8824725248558472
1.2098989303601964,0.16944155492244145,-0.8809713998920403,0.0,0,1,0.8845797399912468
-0.826515318682274,-0.23162743336560287,0.03293630456416146,0.0,1,1,0.9597186592118173
-0.826515318682274,-0.6326964216536473,-0.9020076386135385,0.0,1,1,0.8824725248558472
-0.826515318682274,1.4299440895420092,2.3702961625084114,0.0,0,0,0.08275834325949001
-0.826515318682274,-0.23162743336560287,-0.9020076386135385,0.0,1,1,0.9496621763537473
-0.826515318682274,-0.9191742704308217,-0.9020076386135385,0.0,0,1,0.8700593332247067
-0.826515318682274,1.659126368563749,-1.0889964272490784,0.0,1,1,0.9177415262843945
-0.826515318682274,-0.0024451543438632596,1.2016162335362863,0.0,1,0,0.12896253651391135
-0.826515318682274,-1.0910609796971265,-0.6682716528191135,0.0,0,0,0.46439744445564185
-0.826515318682274,-0.5181052821427774,0.03293630456416146,0.0,1,1,0.9621223011340186
1.2098989303601964,0.455919403699616,-0.7804649260004375,0.0,0,1,0.5207656711527824
1.2098989303601964,-0.6326964216536473,-0.9020076386135385,0.0,1,1,0.8244300583312592
1.2098989303601964,-1.1483565494525614,0.5378060338801195,0.0,0,0,0.10050299303976803
-0.826515318682274,0.16944155492244145,-0.6682716528191135,0.0,1,1,0.8044644024035674
1.2098989303601964,2.0601953568517932,-1.1357436244079635,0.0,1,0,0.4868948980555434
-0.826515318682274,-0.0024451543438632596,-0.20079968123026354,0.0,1,1,0.6095652394820269
-0.826515318682274,-0.11703629385473306,-0.785139645716326,0.0,1,1,0.8638431691525907
-0.826515318682274,0.6278061129659207,-0.20079968123026354,0.0,0,1,0.5423274733692705
1.2098989303601964,0.8569883919876603,1.507810374926983,0.0,1,1,0.840848491664542
1.2098989303601964,1.028875101253965,-0.8646098808864305,0.0,1,0,0.4732822467071833
1.2098989303601964,-0.4608097123873425,-0.813187964011657,0.0,0,1,0.890546954659845
-0.826515318682274,0.28403269443331125,-0.9020076386135385,0.0,1,1,0.9640177991462153
1.2098989303601964,-1.1483565494525614,-0.841236282306988,0.0,1,1,0.9254257642567336
-0.826515318682274,0.5705105432104858,2.3702961625084114,0.0,0,0,0.3304744794688452
-0.826515318682274,-0.6326964216536473,-0.6682716528191135,0.0,1,1,0.5806757770803354
1.2098989303601964,0.11214598516700655,-0.8762966801761518,0.0,1,1,0.8815184111440759
-0.826515318682274,-0.5181052821427774,-0.9020076386135385,0.0,1,1,0.9021147840078346
-0.826515318682274,0.28403269443331125,-0.9020076386135385,0.0,1,1,0.9640177991462153
-0.826515318682274,-1.0910609796971265,-0.6682716528191135,0.0,0,0,0.46439744445564185
1.2098989303601964,-0.9191742704308217,-0.6682716528191135,0.0,0,0,0.4367847384345157
-0.826515318682274,0.3413282641887462,-0.9020076386135385,0.0,1,1,0.9640177991462153
1.2098989303601964,3.1488111822050566,2.3702961625084114,0.0,0,0,0.045034862896739386
1.2098989303601964,-1.1483565494525614,-0.8015011647219358,0.0,1,1,0.9367351725144694
-0.826515318682274,-0.11703629385473306,-0.9020076386135385,0.0,1,1,0.9508278063696821
-0.826515318682274,-0.23162743336560287,0.03293630456416146,0.0,1,1,0.9597186592118173
-0.826515318682274,0.3413282641887462,1.2016162335362863,0.0,1,0,0.12813991688538487
1.2098989303601964,-0.3462185728764727,-0.785139645716326,0.0,1,1,0.8766450270557893
1.2098989303601964,1.3726485197865745,2.3702961625084114,0.0,0,0,0.15724674305480038
-0.826515318682274,-0.11703629385473306,-0.785139645716326,0.0,1,1,0.8638431691525907
1.2098989303601964,0.054850415411571644,0.2666722903585865,0.0,1,1,0.9373630625576417
1.2098989303601964,0.5132149734550508,2.3702961625084114,0.0,1,0,0.3823467986029091
-0.826515318682274,0.455919403699616,0.5004082761530114,0.0,1,1,0.9341570433608628
-0.826515318682274,-0.747287561164517,-0.785139645716326,0.0,1,1,0.915895136487684
-0.826515318682274,-0.11703629385473306,-0.785139645716326,0.0,1,1,0.8638431691525907
-0.826515318682274,1.028875101253965,2.3702961625084114,0.0,0,0,0.07860496473725422
1.2098989303601964,-0.05974072409929816,-0.7524166077051065,0.0,1,1,0.7188402944180157
-0.826515318682274,0.39862383394418105,0.5004082761530114,0.0,1,1,0.9560684062739843
-0.826515318682274,0.16944155492244145,-0.6682716528191135,0.0,1,1,0.8044644024035674
-0.826515318682274,-0.23162743336560287,0.7341442619474364,0.0,0,0,0.45356671181878905
-0.826515318682274,-0.9191742704308217,-0.785139645716326,0.0,1,1,0.9544517391569025
-0.826515318682274,-1.0337654099416915,-0.9020076386135385,0.0,0,1,0.8574064243335898
-0.826515318682274,-0.747287561164517,-0.785139645716326,0.0,1,1,0.915895136487684
-0.826515318682274,-0.9191742704308217,-0.6682716528191135,0.0,0,0,0.4949399912995895
-0.826515318682274,-0.23162743336560287,0.03293630456416146,0.0,1,1,0.9597186592118173
1.2098989303601964,3.1488111822050566,-0.8459110020228765,0.0,1,1,0.9720714866171455
-0.826515318682274,0.22673712467787635,-0.9020076386135385,0.0,0,1,0.9578251448131155
1.2098989303601964,-0.8618787006753869,-0.7874770055742703,0.0,1,1,0.9634709265731496
-0.826515318682274,0.455919403699616,0.7341442619474364,0.0,0,0,0.2656872423375466
-0.826515318682274,0.3413282641887462,-0.9020076386135385,0.0,1,1,0.9640177991462153
-0.826515318682274,2.7477421939170124,2.3702961625084114,0.0,0,0,0.09249611030872688
-0.826515318682274,-0.23162743336560287,-0.785139645716326,0.0,1,1,0.8920970031828547
1.2098989303601964,3.320697891471361,1.6644134854092478,0.0,0,1,0.6365885874814149
-0.826515318682274,2.0601953568517932,-0.43453566702468854,0.0,0,1,0.8465461775693778
1.2098989303601964,2.1174909266072284,0.5822158711810602,0.0,1,1,0.7401325765727113
-0.826515318682274,-0.3462185728764727,-0.9020076386135385,0.0,1,1,0.9021147840078346
1.2098989303601964,-1.0910609796971265,-0.6682716528191135,0.0,0,0,0.36451359496442626
-0.826515318682274,0.11214598516700655,0.2666722903585865,0.0,0,1,0.9540254896218895
1.2098989303601964,0.7423972524767904,0.11708125945015446,0.0,0,0,0.497060135001407
1.2098989303601964,-2.351563514316694,-1.1357436244079635,0.0,1,0,0.14943585228278758
-0.826515318682274,-0.0024451543438632596,0.2666722903585865,0.0,1,1,0.9540254896218895
1.2098989303601964,-0.11703629385473306,-0.785139645716326,0.0,1,1,0.8304680465909983
-0.826515318682274,0.5132149734550508,-0.9020076386135385,0.0,1,1,0.910189337502844
-0.826515318682274,0.11214598516700655,0.2666722903585865,0.0,0,1,0.9540254896218895
1.2098989303601964,0.054850415411571644,0.12643069888193145,0.0,0,1,0.9373630625576417
-0.826515318682274,-0.11703629385473306,-0.029003731671361166,0.0,1,1,0.9192363344451765
1.2098989303601964,-0.5754008518982123,0.5588422726016177,0.0,1,1,0.562093049083738
-0.826515318682274,1.028875101253965,2.3702961625084114,0.0,1,0,0.07860496473725422
-0.826515318682274,3.1488111822050566,2.3702961625084114,0.0,1,0,0.07450984921580708
-0.826515318682274,-0.23162743336560287,-0.9020076386135385,0.0,1,1,0.9496621763537473
-0.826515318682274,-0.3462185728764727,-0.785139645716326,0.0,1,1,0.899801114270301
-0.826515318682274,-0.4608097123873425,0.03293630456416146,0.0,1,1,0.9621223011340186
-0.826515318682274,0.3413282641887462,-0.9020076386135385,0.0,1,1,0.9640177991462153
1.2098989303601964,-0.6326964216536473,-0.9020076386135385,0.0,1,1,0.8244300583312592
-0.826515318682274,0.054850415411571644,0.2666722903585865,0.0,1,1,0.9540254896218895
-0.826515318682274,-1.0910609796971265,-0.9020076386135385,0.0,1,1,0.8544521377750165
-0.826515318682274,0.9715795314985302,-0.9020076386135385,0.0,1,1,0.8525099940063683
-0.826515318682274,-0.23162743336560287,-0.20079968123026354,0.0,0,1,0.646648537608271
-0.826515318682274,0.28403269443331125,-0.9020076386135385,0.0,1,1,0.9640177991462153
1.2098989303601964,0.11214598516700655,0.05163518342771546,0.0,1,1,0.9373630625576417
1.2098989303601964,-0.6326964216536473,-0.9557669153462562,0.0,1,1,0.8276223039425994
-0.826515318682274,-0.747287561164517,-0.9020076386135385,0.0,1,1,0.872531109597889
-0.826515318682274,-1.0337654099416915,-0.785139645716326,0.0,1,1,0.9473336736088424
1.2098989303601964,0.3413282641887462,1.2016162335362863,0.0,1,0,0.21560890848873449
-0.826515318682274,0.5132149734550508,0.7341442619474364,0.0,0,0,0.2587059891551316
1.2098989303601964,0.9715795314985302,0.8159518569754852,0.0,0,1,0.6069820508844606
-0.826515318682274,-0.9764698401862566,-0.9020076386135385,0.0,0,1,0.8574064243335898
-0.826515318682274,-0.2889230031210378,1.2016162335362863,0.0,0,0,0.28819983100570995
-0.826515318682274,-0.8045831309199519,0.7341442619474364,0.0,0,0,0.1705273536002837
-0.826515318682274,1.0861706710094,0.5004082761530114,0.0,1,1,0.8561175933309134
-0.826515318682274,0.455919403699616,0.5004082761530114,0.0,0,1,0.9341570433608628
-0.826515318682274,0.16944155492244145,0.2666722903585865,0.0,1,1,0.9647876031520669
1.2098989303601964,-4.185021746490611,-1.1357436244079635,0.0,0,1,0.8090595121157018
-0.826515318682274,-0.05974072409929816,0.2666722903585865,0.0,1,1,0.9606610662509254
-0.826515318682274,-1.0337654099416915,-0.9020076386135385,0.0,1,1,0.8574064243335898
-0.826515318682274,0.11214598516700655,-0.9020076386135385,0.0,1,1,0.9498686266290791
1.2098989303601964,0.054850415411571644,-0.7968264450060473,0.0,1,1,0.8818941682843148
1.2098989303601964,-0.0024451543438632596,0.2666722903585865,0.0,1,1,0.9373630625576417
-0.826515318682274,1.028875101253965,-0.20079968123026354,0.0,0,0,0.37293124396620925
-0.826515318682274,-0.17433186361016798,-0.785139645716326,0.0,1,1,0.8638431691525907
-0.826515318682274,-1.0910609796971265,-0.9020076386135385,0.0,1,1,0.8544521377750165
-0.826515318682274,-0.23162743336560287,-0.785139645716326,0.0,1,1,0.8920970031828547
-0.826515318682274,-0.5181052821427774,-0.9020076386135385,0.0,1,1,0.9021147840078346
1.2098989303601964,-0.747287561164517,-1.1357436244079635,0.0,1,0,0.42239816775755606
-0.826515318682274,-0.8045831309199519,-0.9020076386135385,0.0,0,1,0.8749405171705672
-0.826515318682274,-0.8045831309199519,-0.9020076386135385,0.0,0,1,0.8749405171705672
1.2098989303601964,-0.4035141426319076,0.7341442619474364,0.0,0,0,0.4595278762942533
-0.826515318682274,-0.6326964216536473,-0.9020076386135385,0.0,1,1,0.8824725248558472
-0.826515318682274,0.16944155492244145,-0.9020076386135385,0.0,1,1,0.9633739414336314
1.2098989303601964,-0.8045831309199519,0.6803849852147187,0.0,1,0,0.08002330104470479
-0.826515318682274,-1.0337654099416915,-0.785139645716326,0.0,1,1,0.9473336736088424
1.2098989303601964,-0.8618787006753869,-0.9020076386135385,0.0,1,1,0.8018523404455535
1.2098989303601964,-0.4035141426319076,0.69207178450444,0.0,1,1,0.8976108603926038
1.2098989303601964,-1.1483565494525614,0.6499993070614435,0.0,1,0,0.13315619395860354
-0.826515318682274,0.16944155492244145,0.2666722903585865,0.0,1,1,0.9647876031520669
-0.826515318682274,-0.4035141426319076,0.03293630456416146,0.0,1,1,0.9621223011340186
1.2098989303601964,-0.6899919914090821,-0.8926581991817615,0.0,1,1,0.8110782694157208
1.2098989303601964,0.39862383394418105,0.4746973177156247,0.0,1,1,0.945985232151428
-0.826515318682274,-0.17433186361016798,0.03293630456416146,0.0,1,1,0.9606610662509254
-0.826515318682274,-0.23162743336560287,-0.9020076386135385,0.0,1,1,0.9496621763537473
-0.826515318682274,-0.6326964216536473,-0.9020076386135385,0.0,1,1,0.8824725248558472
1.2098989303601964,1.2580573802757047,2.318874245633638,0.0,1,1,0.6539100453003841
-0.826515318682274,1.1434662407648348,0.03293630456416146,0.0,0,0,0.46890956930608113
-0.826515318682274,2.403968775384403,2.3702961625084114,0.0,0,0,0.10162036199570515
-0.826515318682274,-0.6899919914090821,0.7341442619474364,0.0,1,0,0.34531103187804074
1.2098989303601964,2.6331510544061425,0.2736843699324192,0.0,0,1,0.5641427639714705
1.2098989303601964,-0.8045831309199519,-0.8178626837275456,0.0,1,1,0.9097840829300826
-0.826515318682274,-0.9764698401862566,-0.9020076386135385,0.0,1,1,0.8574064243335898
-0.826515318682274,-0.2889230031210378,0.03293630456416146,0.0,1,1,0.9621223011340186
-0.826515318682274,-0.11703629385473306,1.2016162335362863,0.0,1,0,0.14838056948836373
1.2098989303601964,-0.5181052821427774,0.6429872274876107,0.0,1,1,0.6999815476384126
-0.826515318682274,-0.6326964216536473,-0.9020076386135385,0.0,1,1,0.8824725248558472
-0.826515318682274,-0.9764698401862566,-0.9020076386135385,0.0,1,1,0.8574064243335898
1.2098989303601964,0.28403269443331125,-0.8295494830172667,0.0,0,1,0.85044809990013
1.2098989303601964,0.455919403699616,-1.1357436244079635,0.0,1,0,0.4789228460713727
1.2098989303601964,-0.8618787006753869,-0.10730528691249354,0.0,1,1,0.7097730974945438
-0.826515318682274,-0.5181052821427774,-0.6682716528191135,0.0,0,1,0.6052352830444622
1.2098989303601964,3.0342200426941868,2.3702961625084114,0.0,0,0,0.05633915816126297
-0.826515318682274,-0.23162743336560287,0.03293630456416146,0.0,1,1,0.9597186592118173
1.2098989303601964,-0.2889230031210378,0.14980429746137397,0.0,0,1,0.8433472136803003
1.2098989303601964,0.5705105432104858,2.2277172111738124,0.0,1,1,0.8353091270594876
-0.826515318682274,1.1434662407648348,1.2016162335362863,0.0,0,0,0.09232418022399803
1.2098989303601964,-0.23162743336560287,-0.4438851064564655,0.0,0,1,0.8395310325920846
1.2098989303601964,-0.9764698401862566,-0.37376431071813804,0.0,1,1,0.58322289657081
-0.826515318682274,-1.1483565494525614,0.7341442619474364,0.0,0,0,0.23684248459557744
-0.826515318682274,-1.2629476889634312,-1.1357436244079635,0.0,0,0,0.3691064621157576
-0.826515318682274,-1.1483565494525614,-0.785139645716326,0.0,1,1,0.964919810676023
-0.826515318682274,0.22673712467787635,0.2666722903585865,0.0,1,1,0.9472351280756321
1.2098989303601964,-0.5181052821427774,-0.48595758389946203,0.0,1,1,0.7964708102567458
-0.826515318682274,-0.11703629385473306,-0.9020076386135385,0.0,1,1,0.9508278063696821
-0.826515318682274,-1.1483565494525614,-0.9020076386135385,0.0,1,1,0.8544521377750165
-0.826515318682274,0.28403269443331125,0.5004082761530114,0.0,1,1,0.960444268228235
-0.826515318682274,-0.5181052821427774,-0.9020076386135385,0.0,1,1,0.9021147840078346
1.2098989303601964,-1.0337654099416915,-0.8085132442957685,0.0,1,1,0.946703568997801
-0.826515318682274,-0.9191742704308217,0.7341442619474364,0.0,1,0,0.3291793465371561
-0.826515318682274,-0.747287561164517,0.7341442619474364,0.0,0,0,0.22586772810442288
-0.826515318682274,0.9142839617430952,0.5004082761530114,0.0,1,1,0.9002880701776157
-0.826515318682274,-1.0337654099416915,-0.9020076386135385,0.0,1,1,0.8574064243335898
1.2098989303601964,-0.4608097123873425,0.03293630456416146,0.0,1,1,0.9494320714229033
-0.826515318682274,-0.747287561164517,-0.785139645716326,0.0,1,1,0.915895136487684
-0.826515318682274,-0.05974072409929816,0.2666722903585865,0.0,1,1,0.9606610662509254
-0.826515318682274,-0.4035141426319076,0.7341442619474364,0.0,0,0,0.3660980511932862
1.2098989303601964,-1.0337654099416915,-0.785139645716326,0.0,0,1,0.9330546633332722
1.2098989303601964,0.7423972524767904,1.81400451631768,0.0,1,1,0.5406872572858484
-0.826515318682274,0.22673712467787635,0.2666722903585865,0.0,1,1,0.9472351280756321
1.2098989303601964,1.7164219383191839,0.2035635741940917,0.0,1,0,0.2828035978621694
-0.826515318682274,0.5705105432104858,-0.9020076386135385,0.0,0,1,0.917726659383653
-0.826515318682274,-0.4035141426319076,-0.9020076386135385,0.0,1,1,0.9021147840078346
1.2098989303601964,2.174786496362663,0.21525037348381296,0.0,1,0,0.41959972928485006
-0.826515318682274,-0.8045831309199519,-0.6682716528191135,0.0,0,0,0.3291621531900564
1.2098989303601964,-0.2889230031210378,0.1427922178875412,0.0,1,1,0.8433472136803003
1.2098989303601964,-0.5181052821427774,0.7341442619474364,0.0,0,0,0.4330943395923461
1.2098989303601964,0.28403269443331125,0.9982659258951367,0.0,0,1,0.6389152013565242
1.2098989303601964,0.3413282641887462,0.3017326882277502,0.0,1,1,0.8169792758199322
1.2098989303601964,1.028875101253965,2.1949941731625926,0.0,1,0,0.19146315967349115
-0.826515318682274,0.11214598516700655,0.7341442619474364,0.0,1,0,0.368190013621144
1.2098989303601964,1.9456042173409236,0.8323133759810949,0.0,1,1,0.7747357029057467
1.2098989303601964,-3.0391103513819133,-1.1357436244079635,0.0,0,1,0.7453522133815454
1.2098989303601964,-1.0910609796971265,0.570529071891339,0.0,1,0,0.13442631706847147
1.2098989303601964,-1.0910609796971265,0.6873970647885514,0.0,1,1,0.60729287436199
1.2098989303601964,-0.2889230031210378,-0.9020076386135385,0.0,0,1,0.8698426181380613
-0.826515318682274,0.16944155492244145,0.2666722903585865,0.0,1,1,0.9647876031520669
-0.826515318682274,1.4299440895420092,2.3702961625084114,0.0,0,0,0.08275834325949001
-0.826515318682274,-1.1483565494525614,-0.9020076386135385,0.0,1,1,0.8544521377750165
-0.826515318682274,-0.747287561164517,0.7341442619474364,0.0,1,0,0.22586772810442288
-0.826515318682274,0.16944155492244145,0.2666722903585865,0.0,1,1,0.9647876031520669
1.2098989303601964,1.2007618105202698,2.3702961625084114,0.0,0,0,0.13957260233936442
-0.826515318682274,0.455919403699616,-0.43453566702468854,0.0,1,1,0.6566970963573698
-0.826515318682274,-0.11703629385473306,0.03293630456416146,0.0,1,1,0.9606610662509254
1.2098989303601964,1.2007618105202698,0.7388189816633249,0.0,0,0,0.3801766553763788
1.2098989303601964,2.174786496362663,1.81400451631768,0.0,1,1,0.7469714271716761
-0.826515318682274,-0.23162743336560287,-0.785139645716326,0.0,1,1,0.8920970031828547
-0.826515318682274,0.39862383394418105,1.2016162335362863,0.0,1,0,0.11217348365481739
-0.826515318682274,-1.0910609796971265,-0.9020076386135385,0.0,1,1,0.8544521377750165
-0.826515318682274,-1.2629476889634312,-1.1357436244079635,0.0,1,0,0.3691064621157576
1.2098989303601964,0.7996928222322254,2.35860936321869,0.0,0,1,0.8419348098530555
1.2098989303601964,0.22673712467787635,0.1661658164669837,0.0,1,1,0.9193262499809495
1.2098989303601964,3.320697891471361,2.3702961625084114,0.0,0,0,0.043094557806086974
-0.826515318682274,-0.4608097123873425,0.03293630456416146,0.0,1,1,0.9621223011340186
1.2098989303601964,-0.4608097123873425,0.6219509887661124,0.0,1,1,0.6999815476384126
-0.826515318682274,0.16944155492244145,-0.9020076386135385,0.0,1,1,0.9633739414336314
-0.826515318682274,-0.4608097123873425,0.7341442619474364,0.0,0,0,0.4063955826432811
-0.826515318682274,-0.5754008518982123,0.03293630456416146,0.0,1,1,0.9632794543668518
1.2098989303601964,1.4872396592974442,1.7929682775961817,0.0,0,1,0.6291807733075835
1.2098989303601964,-0.8045831309199519,-0.7337177288415525,0.0,1,0,0.42199244854871576
1.2098989303601964,-0.9191742704308217,-0.7921517252901588,0.0,1,1,0.9634709265731496
-0.826515318682274,-0.5754008518982123,-0.9020076386135385,0.0,1,1,0.8824725248558472
-0.826515318682274,-0.23162743336560287,0.03293630456416146,0.0,1,1,0.9597186592118173
1.2098989303601964,-1.0337654099416915,-0.03017241160033329,0.0,1,1,0.7605304465568902
-0.826515318682274,-0.4608097123873425,0.03293630456416146,0.0,1,1,0.9621223011340186
-0.826515318682274,-0.11703629385473306,-0.9020076386135385,0.0,1,1,0.9508278063696821
1.2098989303601964,4.00824472853658,2.3702961625084114,0.0,0,0,0.030263280557658652
-0.826515318682274,-0.5181052821427774,-0.9020076386135385,0.0,1,1,0.9021147840078346
1.2098989303601964,-0.9764698401862566,-0.9020076386135385,0.0,1,1,0.7864076256754691
-0.826515318682274,-1.4348343982297358,-1.1357436244079635,0.0,0,1,0.6500093088176454
1.2098989303601964,0.9715795314985302,-0.3597401515704725,0.0,0,1,0.7027915056799655
-0.826515318682274,0.22673712467787635,0.2666722903585865,0.0,1,1,0.9472351280756321
-0.826515318682274,-2.466154653827564,-1.1357436244079635,0.0,0,0,0.2286600864490175
1.2098989303601964,-0.2889230031210378,-0.9020076386135385,0.0,1,1,0.8698426181380613
1.2098989303601964,2.5758554846507073,-0.3480533522807513,0.0,1,1,0.9429661377756683
1.2098989303601964,-0.5754008518982123,0.03293630456416146,0.0,1,1,0.9509571460610508
-0.826515318682274,-0.05974072409929816,0.2666722903585865,0.0,1,1,0.9606610662509254
-0.826515318682274,-0.17433186361016798,-0.785139645716326,0.0,0,1,0.8638431691525907
1.2098989303601964,2.174786496362663,0.2666722903585865,0.0,0,0,0.41959972928485006
-0.826515318682274,-0.6326964216536473,0.03293630456416146,0.0,1,1,0.9632794543668518
1.2098989303601964,2.3466732056289676,1.4470390186204327,0.0,1,1,0.9029252880201775
-0.826515318682274,0.5705105432104858,0.5004082761530114,0.0,0,1,0.9319021527859058
-0.826515318682274,1.0861706710094,2.3702961625084114,0.0,0,0,0.07860496473725422
1.2098989303601964,-0.0024451543438632596,0.2666722903585865,0.0,1,1,0.9373630625576417
-0.826515318682274,0.7423972524767904,2.3702961625084114,0.0,0,0,0.2468574067491454
1.2098989303601964,1.8310130778300537,2.330561044923359,0.0,1,1,0.5235956955882209
-0.826515318682274,-0.6326964216536473,0.03293630456416146,0.0,1,1,0.9632794543668518
-0.826515318682274,-0.11703629385473306,-0.785139645716326,0.0,1,1,0.8638431691525907
-0.826515318682274,-0.747287561164517,-0.785139645716326,0.0,1,1,0.915895136487684
1.2098989303601964,0.28403269443331125,0.4746973177156247,0.0,1,1,0.9390726963206381
1.2098989303601964,-0.3462185728764727,0.5354686740221752,0.0,1,1,0.5002888734677282
1.2098989303601964,-1.0910609796971265,-0.9020076386135385,0.0,1,1,0.7542409486157741
-0.826515318682274,-0.0024451543438632596,0.2666722903585865,0.0,1,1,0.9540254896218895
1.2098989303601964,1.4299440895420092,-0.4882949437574063,0.0,0,1,0.7909711011103249
-0.826515318682274,-0.4035141426319076,0.03293630456416146,0.0,1,1,0.9621223011340186
-0.826515318682274,-0.747287561164517,-0.9020076386135385,0.0,1,1,0.872531109597889
1.2098989303601964,-2.9245192118710435,-1.1357436244079635,0.0,1,0,0.36050609644578596
-0.826515318682274,-1.0910609796971265,-0.6682716528191135,0.0,0,0,0.46439744445564185
-0.826515318682274,0.3413282641887462,0.5004082761530114,0.0,1,1,0.960444268228235
-0.826515318682274,-0.747287561164517,-0.785139645716326,0.0,1,1,0.915895136487684
1.2098989303601964,1.2580573802757047,-0.4158367881611345,0.0,1,1,0.7757369985689445
-0.826515318682274,-0.8618787006753869,-0.785139645716326,0.0,1,1,0.9544517391569025
-0.826515318682274,-0.05974072409929816,-0.6682716528191135,0.0,1,1,0.7771856091866419
-0.826515318682274,-0.0024451543438632596,-0.785139645716326,0.0,0,1,0.8435223216952102
1.2098989303601964,-1.2629476889634312,-1.1357436244079635,0.0,1,0,0.24330777673753426
-0.826515318682274,-1.2056521192079963,-1.1357436244079635,0.0,1,0,0.3691064621157576
1.2098989303601964,0.16944155492244145,-0.5560783796377895,0.0,0,1,0.844519947913361
-0.826515318682274,0.28403269443331125,0.5004082761530114,0.0,1,1,0.960444268228235
-0.826515318682274,-0.9764698401862566,0.7341442619474364,0.0,1,0,0.23359470599970372
-0.826515318682274,0.16944155492244145,1.2016162335362863,0.0,0,0,0.13494060232573504
-0.826515318682274,2.0028997870963585,0.2666722903585865,0.0,1,0,0.2348948562714135
-0.826515318682274,-0.8618787006753869,0.7341442619474364,0.0,0,0,0.3291793465371561
1.2098989303601964,0.7423972524767904,-0.7804649260004375,0.0,0,1,0.5507968774205813
1.2098989303601964,-0.9191742704308217,-0.7921517252901588,0.0,1,1,0.9634709265731496
-0.826515318682274,-0.6326964216536473,-0.6682716528191135,0.0,1,1,0.5806757770803354
-0.826515318682274,-0.0024451543438632596,-0.9020076386135385,0.0,1,1,0.9148906052954531
1.2098989303601964,-0.747287561164517,-0.7898143654322145,0.0,1,1,0.932005169487236
1.2098989303601964,-0.11703629385473306,-0.10029320733866079,0.0,0,1,0.7770109741249284
-0.826515318682274,0.11214598516700655,0.2666722903585865,0.0,1,1,0.9540254896218895
-0.826515318682274,-0.8618787006753869,-0.9020076386135385,0.0,0,1,0.8661470245213252
1.2098989303601964,-0.0024451543438632596,-0.8225374034434341,0.0,1,1,0.7571494832600738
1.2098989303601964,0.455919403699616,2.3702961625084114,0.0,0,0,0.29772691862730233
1.2098989303601964,-0.05974072409929816,0.23394925234736696,0.0,1,1,0.9462681068567138
-0.826515318682274,-0.4608097123873425,-0.9020076386135385,0.0,1,1,0.9021147840078346
1.2098989303601964,-0.8045831309199519,-0.785139645716326,0.0,1,1,0.898045787178828
-0.826515318682274,-1.1483565494525614,-0.6682716528191135,0.0,0,0,0.46439744445564185
1.2098989303601964,-0.9764698401862566,-0.6682716528191135,0.0,1,0,0.3052390261705304
-0.826515318682274,0.5705105432104858,-0.43453566702468854,0.0,1,1,0.7169225274720662
1.2098989303601964,1.8883086475854887,2.2020062527364255,0.0,1,0,0.3146305444471327
-0.826515318682274,0.9142839617430952,2.3702961625084114,0.0,1,0,0.16239022613735288
-0.826515318682274,1.4299440895420092,2.3702961625084114,0.0,0,0,0.08275834325949001
1.2098989303601964,-0.8618787006753869,-0.785139645716326,0.0,1,1,0.9431271989017751
-0.826515318682274,-0.23162743336560287,0.03293630456416146,0.0,1,1,0.9597186592118173
-0.826515318682274,-0.23162743336560287,0.03293630456416146,0.0,1,1,0.9597186592118173
1.2098989303601964,2.1174909266072284,-0.7898143654322145,0.0,1,1,0.9737039371020668
-0.826515318682274,-0.11703629385473306,-0.9020076386135385,0.0,1,1,0.9508278063696821
1.2098989303601964,1.2580573802757047,1.1572063962353456,0.0,1,1,0.7382044954996488
-0.826515318682274,0.6851016827213556,0.5004082761530114,0.0,1,1,0.9319021527859058
-0.826515318682274,-0.0024451543438632596,0.2666722903585865,0.0,1,1,0.9540254896218895
1.2098989303601964,-2.2369723748058243,-1.1357436244079635,0.0,1,0,0.43615578529238536
-0.826515318682274,-0.9764698401862566,-0.9020076386135385,0.0,1,1,0.8574064243335898
1.2098989303601964,-0.3462185728764727,-0.10263056719660504,0.0,1,1,0.7579130127558832
-0.826515318682274,0.3413282641887462,1.2016162335362863,0.0,0,0,0.12813991688538487
1.2098989303601964,-0.0024451543438632596,0.2666722903585865,0.0,1,1,0.9373630625576417
-0.826515318682274,-0.2889230031210378,0.03293630456416146,0.0,1,1,0.9621223011340186
-0.826515318682274,3.2634023217159265,2.3702961625084114,0.0,0,0,0.07139456942848689
1.2098989303601964,-0.4608097123873425,0.018912145416495958,0.0,1,1,0.9494320714229033
-0.826515318682274,-0.4035141426319076,0.03293630456416146,0.0,1,1,0.9621223011340186
-0.826515318682274,0.16944155492244145,0.2666722903585865,0.0,1,1,0.9647876031520669
-0.826515318682274,-0.11703629385473306,0.03293630456416146,0.0,1,1,0.9606610662509254
-0.826515318682274,-1.2629476889634312,-1.1357436244079635,0.0,0,0,0.3691064621157576
-0.826515318682274,-0.9191742704308217,0.7341442619474364,0.0,1,0,0.3291793465371561
1.2098989303601964,0.39862383394418105,1.0029406456110252,0.0,1,1,0.6949497651159332
1.2098989303601964,-0.6899919914090821,-0.682295811966779,0.0,0,0,0.44837389523064286
1.2098989303601964,0.16944155492244145,-1.0235503512266395,0.0,1,1,0.8737271187926505
-0.826515318682274,0.39862383394418105,1.2016162335362863,0.0,0,0,0.11217348365481739
-0.826515318682274,-0.4035141426319076,-0.9020076386135385,0.0,1,1,0.9021147840078346
1.2098989303601964,2.6331510544061425,2.3702961625084114,0.0,0,0,0.05633915816126297
-0.826515318682274,-0.6326964216536473,-0.9020076386135385,0.0,1,1,0.8824725248558472
-0.826515318682274,0.054850415411571644,0.2666722903585865,0.0,1,1,0.9540254896218895
-0.826515318682274,-0.17433186361016798,-0.9020076386135385,0.0,1,1,0.9508278063696821
-0.826515318682274,0.054850415411571644,-0.9020076386135385,0.0,1,1,0.9498686266290791
1.2098989303601964,1.659126368563749,0.2666722903585865,0.0,0,0,0.41991354694175864
-0.826515318682274,-0.3462185728764727,-0.9020076386135385,0.0,0,1,0.9021147840078346
-0.826515318682274,-0.9764698401862566,-0.9020076386135385,0.0,1,1,0.8574064243335898
-0.826515318682274,0.6851016827213556,-0.9020076386135385,0.0,1,1,0.917726659383653
-0.826515318682274,2.0028997870963585,-0.43453566702468854,0.0,1,1,0.8465461775693778
1.2098989303601964,1.1434662407648348,2.321211605491582,0.0,1,1,0.6439192009154522
-0.826515318682274,-1.8359033865177803,-1.1357436244079635,0.0,1,0,0.2726040039232424
-0.826515318682274,0.3413282641887462,0.7341442619474364,0.0,1,0,0.28226590379507277
1.2098989303601964,-0.4608097123873425,-0.27325783682653526,0.0,1,1,0.7614255556385824
-0.826515318682274,0.11214598516700655,1.2016162335362863,0.0,0,0,0.12168758664978097
-0.826515318682274,-0.2889230031210378,-0.785139645716326,0.0,1,1,0.899801114270301
1.2098989303601964,-0.9191742704308217,-0.9020076386135385,0.0,1,1,0.8072256282705237
1.2098989303601964,-1.1483565494525614,-0.8225374034434341,0.0,1,1,0.9300752600393685
-0.826515318682274,0.3413282641887462,0.5004082761530114,0.0,1,1,0.960444268228235
1.2098989303601964,-0.4035141426319076,0.028261584848272958,0.0,1,1,0.9494320714229033
1.2098989303601964,0.9142839617430952,0.03293630456416146,0.0,0,0,0.3955111414966327
1.2098989303601964,-0.0024451543438632596,0.2666722903585865,0.0,1,1,0.9373630625576417
-0.826515318682274,-0.17433186361016798,1.2016162335362863,0.0,0,0,0.34786848423248234
1.2098989303601964,1.601830798808314,-0.08626904819099529,0.0,1,1,0.5483706046987772
1.2098989303601964,-0.4608097123873425,-0.6589222133873365,0.0,0,1,0.7466461763687138
1.2098989303601964,0.5705105432104858,0.8276386562652065,0.0,0,1,0.6722520678913538
1.2098989303601964,-1.1483565494525614,-0.785139645716326,0.0,1,1,0.947907365949482
-0.826515318682274,-0.6326964216536473,-0.9020076386135385,0.0,1,1,0.8824725248558472
-0.826515318682274,0.39862383394418105,0.5004082761530114,0.0,1,1,0.9560684062739843
-0.826515318682274,-0.8045831309199519,-0.6682716528191135,0.0,1,0,0.3291621531900564
-0.826515318682274,-0.8045831309199519,-0.6682716528191135,0.0,1,0,0.3291621531900564
-0.826515318682274,-0.8045831309199519,-0.6682716528191135,0.0,1,0,0.3291621531900564
1.2098989303601964,0.16944155492244145,1.2016162335362863,0.0,0,0,0.22584925280120954
-0.826515318682274,-0.8618787006753869,-0.785139645716326,0.0,1,1,0.9544517391569025
1.2098989303601964,-0.3462185728764727,-0.12366680591810329,0.0,1,1,0.7579130127558832
-0.826515318682274,-0.0024451543438632596,0.2666722903585865,0.0,1,1,0.9540254896218895
-0.826515318682274,0.16944155492244145,-0.9020076386135385,0.0,1,1,0.9633739414336314
-0.826515318682274,-0.11703629385473306,-0.785139645716326,0.0,1,1,0.8638431691525907
-0.826515318682274,-0.2889230031210378,1.2016162335362863,0.0,1,0,0.28819983100570995
1.2098989303601964,-1.1483565494525614,0.4840467571474017,0.0,0,0,0.41297175290078386
-0.826515318682274,0.28403269443331125,-0.9020076386135385,0.0,1,1,0.9640177991462153
1.2098989303601964,0.3413282641887462,0.2409613319211997,0.0,1,1,0.9193262499809495
-0.826515318682274,-0.0024451543438632596,0.2666722903585865,0.0,1,1,0.9540254896218895
1.2098989303601964,-0.0024451543438632596,0.20122621433614746,0.0,1,1,0.9373630625576417
-0.826515318682274,-0.4035141426319076,0.03293630456416146,0.0,1,1,0.9621223011340186
-0.826515318682274,0.16944155492244145,-0.9020076386135385,0.0,1,1,0.9633739414336314
1.2098989303601964,-0.9191742704308217,-0.9020076386135385,0.0,1,1,0.8072256282705237
-0.826515318682274,-0.23162743336560287,0.03293630456416146,0.0,1,1,0.9597186592118173
1.2098989303601964,0.7996928222322254,1.2016162335362863,0.0,0,0,0.2196690346855776
-0.826515318682274,-0.0024451543438632596,0.2666722903585865,0.0,1,1,0.9540254896218895
-0.826515318682274,-0.9191742704308217,-0.9020076386135385,0.0,1,1,0.8700593332247067
1.2098989303601964,0.5132149734550508,2.3702961625084114,0.0,0,0,0.3823467986029091
-0.826515318682274,-0.5754008518982123,0.03293630456416146,0.0,1,1,0.9632794543668518
1.2098989303601964,0.28403269443331125,0.5004082761530114,0.0,1,1,0.9390726963206381
1.2098989303601964,2.0601953568517932,2.3702961625084114,0.0,0,0,0.0855727112093548
-0.826515318682274,-0.8618787006753869,-0.9020076386135385,0.0,1,1,0.8661470245213252
1.2098989303601964,-0.6326964216536473,0.23862397206325545,0.0,0,1,0.7630763988676877
1.2098989303601964,1.3726485197865745,2.3702961625084114,0.0,0,0,0.15724674305480038
-0.826515318682274,-0.5181052821427774,-0.9020076386135385,0.0,1,1,0.9021147840078346
-0.826515318682274,0.5705105432104858,0.5004082761530114,0.0,1,1,0.9319021527859058
1.2098989303601964,0.16944155492244145,0.22459981291558995,0.0,1,1,0.9456298492669137
-0.826515318682274,-0.3462185728764727,0.03293630456416146,0.0,1,1,0.9621223011340186
1.2098989303601964,-0.4035141426319076,-0.08393168833305104,0.0,1,1,0.7275424959292862
-0.826515318682274,-0.5754008518982123,0.03293630456416146,0.0,1,1,0.9632794543668518
-0.826515318682274,-0.5754008518982123,-0.9020076386135385,0.0,0,1,0.8824725248558472
-0.826515318682274,-0.5181052821427774,0.7341442619474364,0.0,0,0,0.4063955826432811
-0.826515318682274,-0.0024451543438632596,0.2666722903585865,0.0,1,1,0.9540254896218895
1.2098989303601964,1.3726485197865745,-0.7313803689836083,0.0,1,1,0.6973987274736706
1.2098989303601964,0.3413282641887462,0.5004082761530114,0.0,1,1,0.9390726963206381
-0.826515318682274,-0.23162743336560287,0.03293630456416146,0.0,1,1,0.9597186592118173
-0.826515318682274,-0.05974072409929816,0.2666722903585865,0.0,1,1,0.9606610662509254
-0.826515318682274,0.16944155492244145,0.2666722903585865,0.0,1,1,0.9647876031520669
-0.826515318682274,-0.9764698401862566,-0.785139645716326,0.0,1,1,0.9473336736088424
1.2098989303601964,-3.9558394674688717,-1.1357436244079635,0.0,1,1,0.7384719117727954
-0.826515318682274,-0.17433186361016798,0.03293630456416146,0.0,1,1,0.9606610662509254
-0.826515318682274,-0.5181052821427774,-0.9020076386135385,0.0,1,1,0.9021147840078346
1.2098989303601964,2.6331510544061425,-0.663596933103225,0.0,0,1,0.949845089579483
-0.826515318682274,-0.6326964216536473,-0.9020076386135385,0.0,1,1,0.8824725248558472
1.2098989303601964,-0.05974072409929816,1.1946041539624537,0.0,0,1,0.8367774461520402
1.2098989303601964,2.9769244729387516,2.3702961625084114,0.0,0,0,0.05633915816126297
1.2098989303601964,0.5705105432104858,0.5004082761530114,0.0,1,1,0.9167552876729537
1.2098989303601964,2.403968775384403,1.2296645518316174,0.0,1,0,0.35777917819023125
1.2098989303601964,-1.0337654099416915,-0.89733291889765,0.0,0,1,0.8737859158762661
-0.826515318682274,0.5705105432104858,2.3702961625084114,0.0,0,0,0.3304744794688452
1.2098989303601964,1.2580573802757047,0.4186006811249627,0.0,0,1,0.5383487363204532
-0.826515318682274,-0.6899919914090821,-0.6682716528191135,0.0,1,1,0.50668402526436
-0.826515318682274,0.3413282641887462,-0.9020076386135385,0.0,1,1,0.9640177991462153
1.2098989303601964,-0.8045831309199519,-0.7874770055742703,0.0,1,1,0.9333762412118367
-0.826515318682274,-0.3462185728764727,-0.9020076386135385,0.0,1,1,0.9021147840078346
-0.826515318682274,-0.5181052821427774,0.7341442619474364,0.0,0,0,0.4063955826432811
-0.826515318682274,-0.5754008518982123,-0.9020076386135385,0.0,1,1,0.8824725248558472
-0.826515318682274,-0.2889230031210378,0.03293630456416146,0.0,1,1,0.9621223011340186
-0.826515318682274,-0.9764698401862566,-0.9020076386135385,0.0,1,1,0.8574064243335898
-0.826515318682274,-0.6899919914090821,0.03293630456416146,0.0,1,1,0.9511165024566928
1.2098989303601964,-0.05974072409929816,-0.6682716528191135,0.0,0,1,0.7292270098271821
-0.826515318682274,-0.0024451543438632596,0.2666722903585865,0.0,1,1,0.9540254896218895
1.2098989303601964,-0.6899919914090821,-0.14937776435549005,0.0,1,1,0.694461512708386
-0.826515318682274,-0.5181052821427774,0.03293630456416146,0.0,1,1,0.9621223011340186
-0.826515318682274,-0.6899919914090821,0.03293630456416146,0.0,1,1,0.9511165024566928
1.2098989303601964,-0.9191742704308217,-0.6776210922508905,0.0,0,1,0.5300027595516297
-0.826515318682274,-0.2889230031210378,-0.9020076386135385,0.0,1,1,0.9144301942751561
-0.826515318682274,-0.4608097123873425,0.03293630456416146,0.0,1,1,0.9621223011340186
-0.826515318682274,-0.11703629385473306,-0.9020076386135385,0.0,1,1,0.9508278063696821
-0.826515318682274,-0.8618787006753869,-0.9020076386135385,0.0,1,1,0.8661470245213252
-0.826515318682274,0.11214598516700655,0.2666722903585865,0.0,1,1,0.9540254896218895
1.2098989303601964,-0.3462185728764727,0.007225346126774709,0.0,1,1,0.9494320714229033
1.2098989303601964,1.8883086475854887,2.2020062527364255,0.0,1,0,0.3146305444471327
-0.826515318682274,-0.8045831309199519,-0.6682716528191135,0.0,1,0,0.3291621531900564
-0.826515318682274,0.3413282641887462,-0.20079968123026354,0.0,0,1,0.6407049406021089
1.2098989303601964,2.7477421939170124,2.335235764639248,0.0,1,1,0.7610461166491245
-0.826515318682274,0.16944155492244145,-0.20079968123026354,0.0,0,1,0.68427539004007
-0.826515318682274,-0.5754008518982123,0.03293630456416146,0.0,1,1,0.9632794543668518
1.2098989303601964,-0.8618787006753869,0.7341442619474364,0.0,0,0,0.26671858426318723
1.2098989303601964,1.2580573802757047,2.3702961625084114,0.0,0,0,0.13957260233936442
1.2098989303601964,2.805037763672447,1.5545575720858682,0.0,1,1,0.9112947423958235
1.2098989303601964,-0.8618787006753869,-0.2592336776788698,0.0,0,1,0.7008830392739167
-0.826515318682274,-0.4035141426319076,-0.9020076386135385,0.0,1,1,0.9021147840078346
1.2098989303601964,0.9142839617430952,2.3702961625084114,0.0,0,0,0.1876805718573885
1.2098989303601964,0.054850415411571644,0.1895394150464262,0.0,1,1,0.9373630625576417
-0.826515318682274,-0.4608097123873425,-0.6682716528191135,0.0,1,1,0.6052352830444622
-0.826515318682274,0.6851016827213556,0.5004082761530114,0.0,1,1,0.9319021527859058
1.2098989303601964,-0.8618787006753869,-0.9020076386135385,0.0,1,1,0.8018523404455535
-0.826515318682274,-0.6326964216536473,-0.9020076386135385,0.0,1,1,0.8824725248558472
-0.826515318682274,-0.2889230031210378,0.03293630456416146,0.0,1,1,0.9621223011340186
-0.826515318682274,0.054850415411571644,0.2666722903585865,0.0,1,1,0.9540254896218895
-0.826515318682274,-0.9191742704308217,-0.6682716528191135,0.0,0,0,0.4949399912995895
1.2098989303601964,-0.6899919914090821,-0.9020076386135385,0.0,1,1,0.8153777334339716
1.2098989303601964,1.1434662407648348,-0.6682716528191135,0.0,0,1,0.6665396059550082
-0.826515318682274,-0.23162743336560287,0.03293630456416146,0.0,1,1,0.9597186592118173
-0.826515318682274,1.4299440895420092,2.3702961625084114,0.0,1,0,0.08275834325949001
1.2098989303601964,-0.9191742704308217,-0.7898143654322145,0.0,1,1,0.9634709265731496
-0.826515318682274,-0.5181052821427774,-0.6682716528191135,0.0,0,1,0.6052352830444622
1.2098989303601964,2.1174909266072284,-1.0118635519369183,0.0,1,1,0.9755327030161735
-0.826515318682274,1.4299440895420092,2.3702961625084114,0.0,0,0,0.08275834325949001
-0.826515318682274,-0.05974072409929816,-0.9020076386135385,0.0,1,1,0.9508278063696821
-0.826515318682274,-0.11703629385473306,-0.785139645716326,0.0,0,1,0.8638431691525907
-0.826515318682274,-0.17433186361016798,-0.785139645716326,0.0,1,1,0.8638431691525907
1.2098989303601964,-1.1483565494525614,-0.794489085148103,0.0,1,1,0.9486605553616224
-0.826515318682274,-0.8618787006753869,-0.9020076386135385,0.0,1,1,0.8661470245213252
-0.826515318682274,-0.3462185728764727,-0.785139645716326,0.0,1,1,0.899801114270301
1.2098989303601964,-0.747287561164517,-0.6682716528191135,0.0,0,0,0.34296752092533156
-0.826515318682274,0.6851016827213556,-0.9020076386135385,0.0,1,1,0.917726659383653
1.2098989303601964,-0.6899919914090821,-0.7150188499779985,0.0,1,1,0.6044675443785542
-0.826515318682274,0.6851016827213556,2.3702961625084114,0.0,0,0,0.23154892807672584
-0.826515318682274,0.054850415411571644,1.2016162335362863,0.0,0,0,0.12896253651391135
1.2098989303601964,-0.23162743336560287,-0.5023191029050718,0.0,1,1,0.8395310325920846
1.2098989303601964,-0.4608097123873425,0.03293630456416146,0.0,1,1,0.9494320714229033
-0.826515318682274,2.9769244729387516,2.3702961625084114,0.0,0,0,0.09249611030872688
1.2098989303601964,-0.11703629385473306,0.018912145416495958,0.0,1,1,0.9462681068567138
-0.826515318682274,-0.2889230031210378,1.2016162335362863,0.0,1,0,0.28819983100570995
1.2098989303601964,-0.11703629385473306,1.1268207180820704,0.0,1,1,0.7254136134413125
-0.826515318682274,-0.8045831309199519,-0.9020076386135385,0.0,1,1,0.8749405171705672
-0.826515318682274,0.5705105432104858,0.5004082761530114,0.0,1,1,0.9319021527859058
1.2098989303601964,-0.8045831309199519,0.7201201027997709,0.0,1,0,0.1686066024498244
1.2098989303601964,-0.6899919914090821,0.7341442619474364,0.0,0,0,0.3075230606633556
-0.826515318682274,-0.3462185728764727,0.03293630456416146,0.0,1,1,0.9621223011340186
1.2098989303601964,0.11214598516700655,-0.41817414801907876,0.0,1,1,0.8163530890697646
-0.826515318682274,-0.9191742704308217,-0.9020076386135385,0.0,1,1,0.8700593332247067
-0.826515318682274,0.22673712467787635,-0.9020076386135385,0.0,1,1,0.9578251448131155
1.2098989303601964,0.455919403699616,2.325886325207471,0.0,1,1,0.8402140440730114
-0.826515318682274,-1.0910609796971265,0.7341442619474364,0.0,1,0,0.22305207925799028
-0.826515318682274,-0.6326964216536473,-0.9020076386135385,0.0,1,1,0.8824725248558472
1.2098989303601964,-0.4608097123873425,-0.9020076386135385,0.0,1,1,0.8521476337201385
-0.826515318682274,-0.4608097123873425,-0.9020076386135385,0.0,0,1,0.9021147840078346
-0.826515318682274,-0.3462185728764727,-0.9020076386135385,0.0,1,1,0.9021147840078346
1.2098989303601964,0.22673712467787635,0.7341442619474364,0.0,0,0,0.4028730204599909
1.2098989303601964,-1.1483565494525614,-0.9020076386135385,0.0,1,1,0.7542409486157741
1.2098989303601964,-0.4608097123873425,0.7341442619474364,0.0,0,0,0.4595278762942533
-0.826515318682274,0.6278061129659207,0.03293630456416146,0.0,0,1,0.6799342963749258
1.2098989303601964,0.5705105432104858,-0.7173562098359427,0.0,1,1,0.6217622274763465
-0.826515318682274,0.22673712467787635,-0.20079968123026354,0.0,0,1,0.6407049406021089
-0.826515318682274,-1.0910609796971265,-0.6682716528191135,0.0,0,0,0.46439744445564185
-0.826515318682274,-0.3462185728764727,0.03293630456416146,0.0,1,1,0.9621223011340186
-0.826515318682274,-0.5181052821427774,0.7341442619474364,0.0,0,0,0.4063955826432811
-0.826515318682274,-0.6326964216536473,-0.9020076386135385,0.0,1,1,0.8824725248558472
-0.826515318682274,0.16944155492244145,-0.9020076386135385,0.0,1,1,0.9633739414336314
-0.826515318682274,-0.4608097123873425,0.03293630456416146,0.0,1,1,0.9621223011340186
-0.826515318682274,0.7423972524767904,2.3702961625084114,0.0,0,0,0.2468574067491454
-0.826515318682274,0.054850415411571644,-0.9020076386135385,0.0,1,1,0.9498686266290791
-0.826515318682274,-0.5754008518982123,-0.9020076386135385,0.0,1,1,0.8824725248558472
-0.826515318682274,0.16944155492244145,0.2666722903585865,0.0,1,1,0.9647876031520669
-0.826515318682274,1.7737175080746188,2.3702961625084114,0.0,0,0,0.040464412232035084
-0.826515318682274,-0.05974072409929816,0.2666722903585865,0.0,1,1,0.9606610662509254
-0.826515318682274,0.7996928222322254,-0.9020076386135385,0.0,1,1,0.9024177660801841
-0.826515318682274,-0.11703629385473306,-0.9020076386135385,0.0,1,1,0.9508278063696821
1.2098989303601964,0.6851016827213556,0.4443116395623494,0.0,1,1,0.7085467443545147
1.2098989303601964,1.7737175080746188,-0.33402919313308577,0.0,0,1,0.7646837175634472
1.2098989303601964,0.7423972524767904,-0.9020076386135385,0.0,1,1,0.8797255111557941
1.2098989303601964,-0.05974072409929816,-0.8225374034434341,0.0,1,1,0.848675738256465
-0.826515318682274,-0.05974072409929816,0.2666722903585865,0.0,1,1,0.9606610662509254
-0.826515318682274,2.7477421939170124,2.3702961625084114,0.0,0,0,0.09249611030872688
-0.826515318682274,0.16944155492244145,-0.20079968123026354,0.0,0,1,0.68427539004007
1.2098989303601964,-1.4921299679851707,-1.1357436244079635,0.0,0,0,0.427926647456959
-0.826515318682274,-0.747287561164517,-0.9020076386135385,0.0,0,1,0.872531109597889
-0.826515318682274,0.22673712467787635,-0.9020076386135385,0.0,1,1,0.9578251448131155
-0.826515318682274,-0.2889230031210378,0.03293630456416146,0.0,1,1,0.9621223011340186
1.2098989303601964,-0.747287561164517,0.4980709162950672,0.0,1,1,0.6723577497355723
1.2098989303601964,-0.6899919914090821,-0.4602466254620753,0.0,1,1,0.7396539111369655
-0.826515318682274,-1.1483565494525614,-0.6682716528191135,0.0,1,0,0.46439744445564185
1.2098989303601964,-0.17433186361016798,-0.9020076386135385,0.0,1,1,0.9218641478531165
1.2098989303601964,1.7737175080746188,0.018912145416495958,0.0,0,0,0.3658485485926735
-0.826515318682274,-0.0024451543438632596,1.2016162335362863,0.0,1,0,0.12896253651391135
-0.826515318682274,0.11214598516700655,0.2666722903585865,0.0,1,1,0.9540254896218895
1.2098989303601964,0.6851016827213556,1.1478569568035686,0.0,0,1,0.6907545530676968
1.2098989303601964,0.16944155492244145,0.24329869177914396,0.0,1,1,0.9456298492669137
1.2098989303601964,0.5705105432104858,-0.6682716528191135,0.0,1,1,0.5787296380373675
-0.826515318682274,-0.17433186361016798,-0.9020076386135385,0.0,1,1,0.9508278063696821
-0.826515318682274,0.16944155492244145,0.2666722903585865,0.0,1,1,0.9647876031520669
-0.826515318682274,-0.5181052821427774,-0.9020076386135385,0.0,1,1,0.9021147840078346
-0.826515318682274,-0.11703629385473306,-0.785139645716326,0.0,1,1,0.8638431691525907
1.2098989303601964,0.9715795314985302,-1.1357436244079635,0.0,1,0,0.16786340038156053
-0.826515318682274,-0.6326964216536473,-0.9020076386135385,0.0,1,1,0.8824725248558472
-0.826515318682274,-0.23162743336560287,-0.785139645716326,0.0,1,1,0.8920970031828547
-0.826515318682274,-0.4608097123873425,0.7341442619474364,0.0,0,0,0.4063955826432811
-0.826515318682274,0.11214598516700655,-0.9020076386135385,0.0,1,1,0.9498686266290791
-0.826515318682274,-0.05974072409929816,0.2666722903585865,0.0,1,1,0.9606610662509254
-0.826515318682274,0.3413282641887462,-0.785139645716326,0.0,0,1,0.8473908359382863
-0.826515318682274,-0.17433186361016798,0.03293630456416146,0.0,1,1,0.9606610662509254
1.2098989303601964,0.9715795314985302,-0.7804649260004375,0.0,0,1,0.5240164779514765
1.2098989303601964,-0.5181052821427774,-0.9020076386135385,0.0,1,1,0.8521476337201385
1.2098989303601964,0.16944155492244145,-0.20079968123026354,0.0,1,1,0.5956248952085716
-0.826515318682274,-0.5181052821427774,-0.9020076386135385,0.0,1,1,0.9021147840078346
1.2098989303601964,0.6278061129659207,-0.43453566702468854,0.0,1,1,0.7274254142015697
-0.826515318682274,0.054850415411571644,0.2666722903585865,0.0,1,1,0.9540254896218895
1.2098989303601964,0.39862383394418105,0.4232754008408512,0.0,1,1,0.7944972167583256
1.2098989303601964,-0.11703629385473306,-0.20079968123026354,0.0,1,1,0.5915457299633248
1.2098989303601964,-0.23162743336560287,-0.8085132442957685,0.0,0,1,0.8964856443208865
-0.826515318682274,0.3413282641887462,-0.9020076386135385,0.0,1,1,0.9640177991462153
1.2098989303601964,-0.9191742704308217,-0.2755951966844795,0.0,1,1,0.718643217741002
1.2098989303601964,1.2580573802757047,-0.8295494830172667,0.0,1,1,0.820242371551231
-0.826515318682274,2.805037763672447,2.3702961625084114,0.0,0,0,0.09249611030872688
-0.826515318682274,-0.6326964216536473,-0.9020076386135385,0.0,1,1,0.8824725248558472
1.2098989303601964,0.455919403699616,2.3702961625084114,0.0,0,0,0.29772691862730233
1.2098989303601964,-0.4608097123873425,0.06565934257538096,0.0,1,1,0.8881162374957142
1.2098989303601964,-0.23162743336560287,0.03293630456416146,0.0,1,1,0.9462681068567138
-0.826515318682274,-0.11703629385473306,0.03293630456416146,0.0,1,1,0.9606610662509254
-0.826515318682274,0.5705105432104858,0.5004082761530114,0.0,1,1,0.9319021527859058
1.2098989303601964,0.054850415411571644,0.21992509319970147,0.0,1,1,0.9373630625576417
-0.826515318682274,0.9715795314985302,0.5004082761530114,0.0,1,1,0.8851055465977874
-0.826515318682274,-0.17433186361016798,-0.9020076386135385,0.0,1,1,0.9508278063696821
-0.826515318682274,0.3413282641887462,1.2016162335362863,0.0,0,0,0.12813991688538487
1.2098989303601964,0.9142839617430952,2.3702961625084114,0.0,1,0,0.1876805718573885
-0.826515318682274,-1.6640166772514755,-1.1357436244079635,0.0,0,1,0.7584866043927695
-0.826515318682274,-0.6326964216536473,-0.9020076386135385,0.0,1,1,0.8824725248558472
1.2098989303601964,0.7996928222322254,-0.7337177288415525,0.0,0,1,0.6067802196230343
-0.826515318682274,-0.3462185728764727,-0.785139645716326,0.0,1,1,0.899801114270301
-0.826515318682274,0.3413282641887462,-0.9020076386135385,0.0,1,1,0.9640177991462153
1.2098989303601964,0.11214598516700655,-1.1357436244079635,0.0,0,1,0.6033123822285651
1.2098989303601964,1.4299440895420092,0.03527366442210571,0.0,1,0,0.37917707656164856
1.2098989303601964,-0.11703629385473306,0.03293630456416146,0.0,0,1,0.9462681068567138
-0.826515318682274,1.3726485197865745,0.2666722903585865,0.0,0,0,0.22503702276011067
1.2098989303601964,-1.1483565494525614,-0.7921517252901588,0.0,1,1,0.9486605553616224
-0.826515318682274,-0.4035141426319076,-0.9020076386135385,0.0,1,1,0.9021147840078346
-0.826515318682274,1.659126368563749,2.3702961625084114,0.0,0,0,0.1726771275036211
-0.826515318682274,-0.6326964216536473,-0.9020076386135385,0.0,1,1,0.8824725248558472
-0.826515318682274,-1.6640166772514755,-1.1357436244079635,0.0,1,1,0.7584866043927695
1.2098989303601964,-0.05974072409929816,1.0052780054689694,0.0,1,1,0.7462863769477001
1.2098989303601964,-1.1483565494525614,0.3251062868071927,0.0,1,0,0.2799278414543596
-0.826515318682274,-0.11703629385473306,0.03293630456416146,0.0,1,1,0.9606610662509254
-0.826515318682274,0.3413282641887462,-0.9020076386135385,0.0,1,1,0.9640177991462153
-0.826515318682274,-0.3462185728764727,0.03293630456416146,0.0,1,1,0.9621223011340186
1.2098989303601964,-0.4608097123873425,0.014237425700607459,0.0,1,1,0.9494320714229033
1.2098989303601964,-0.3462185728764727,-0.9020076386135385,0.0,0,1,0.8521476337201385
-0.826515318682274,-0.8618787006753869,-0.785139645716326,0.0,1,1,0.9544517391569025
1.2098989303601964,-0.5754008518982123,0.028261584848272958,0.0,1,1,0.9509571460610508
-0.826515318682274,0.22673712467787635,0.2666722903585865,0.0,1,1,0.9472351280756321
-0.826515318682274,-1.1483565494525614,-0.785139645716326,0.0,1,1,0.964919810676023
-0.826515318682274,-0.3462185728764727,0.03293630456416146,0.0,1,1,0.9621223011340186
1.2098989303601964,0.8569883919876603,0.03293630456416146,0.0,1,0,0.41527022524512275
-0.826515318682274,-0.11703629385473306,0.03293630456416146,0.0,1,1,0.9606610662509254
1.2098989303601964,-0.11703629385473306,0.03293630456416146,0.0,1,1,0.9462681068567138
1.2098989303601964,-0.9191742704308217,-0.7921517252901588,0.0,1,1,0.9634709265731496
-0.826515318682274,-1.1483565494525614,-0.9020076386135385,0.0,1,1,0.8544521377750165
-0.826515318682274,-0.6326964216536473,-0.9020076386135385,0.0,1,1,0.8824725248558472
