Raw_pH,Raw_COD_mgL,Raw_BOD_mgL,Raw_TDS_mgL,Raw_TSS_mgL,Input_Lime_kg_m3,Input_Urea_kg_m3,Input_DAP_kg_m3,Output_Biogas_m3_m3,Quarter,Operating_Shift_Morning,Operating_Shift_Night,Production_Level_Low,Production_Level_Medium,Plant_Status_Normal Operation,Season_Dry Season,Season_Long Rains,Season_Short Rains
-0.05432824792466356,-0.2525254183069524,-2.0052839064003156,0.5694801709799823,-0.3508800616050184,-0.06716570467867759,0.3488090014532387,0.044366456392232315,-0.5695392702793174,0.058540870202798474,1.5288873029647483,0.5240718780279802,-0.18813862136938178,-0.2802704117562162,0.4620746162373419,0.0054271423118163456,0.00998642605091637,-0.010141388967201416
-0.21756094052290598,-0.3787317268675909,-1.6711712621673502,0.624960861857754,-0.38118611542803665,0.0756799998892994,-0.09307444394517622,0.10820580167919695,-0.5235891899687386,0.07351442890236196,1.693461200208328,-0.26554525372944865,0.8333902866141155,-0.2345530897420498,0.44260563782655654,-0.02429919673845178,0.012359684794895869,-0.017762515996121758
-0.09862668025692302,-0.30163568620275594,-1.7830605551514838,0.6243813493291553,-0.4073710932738547,0.09600735877750145,0.5650548076263608,0.23759455064172863,-0.6814998823978362,0.04526972242815573,0.7600137822224642,-0.23941065729578445,0.6894751183512813,0.5386516846139167,0.4037307051033065,-0.022395486432100962,0.008561331152241423,-0.008036202568739732
-0.19089319179080602,0.24125154283740188,-1.0486586181306383,0.5146374176086769,-0.14309931597117564,0.1863790781111659,0.7567053979362491,0.03299955008607024,-0.008309369489555251,0.03988489501268752,1.5700262029930854,2.667104894304144,0.3280955875608263,0.3202638408293378,0.978490719613657,0.0371035588468143,-0.003844352148138629,0.03189966179023034
-0.7956921077964071,-0.6445278935080084,-1.087969470977596,0.18559196888793175,-0.24281842466141207,-0.06485801351519149,0.751799186760348,0.23181434336812778,-0.20287545467837492,-0.10044817527837914,-2.144278341514551,-0.8004852929648882,-3.1283975076244026,0.7262844637161321,3.7992219068809656,-0.061821460854109694,0.019449103112490845,-0.0032846626859786856
-0.14034411759369667,-0.5313088760018295,-1.319431361711235,0.12921389778163017,-0.28693254074556884,0.033988717335230983,1.5307862203579456,0.08111086282416433,-0.7366321642861106,0.14060799168890253,-1.0374467659897728,-0.19884938131510563,1.0258688119750445,2.0991873599430804,1.0180071229881538,-0.017006948442057645,-0.004147871321483354,0.010033209179354926
-0.18542911889024233,-0.39727751030155534,-1.5829895370176288,0.7073770538695083,-0.3509694160008496,0.0710793294062818,-0.10996849344692726,0.1018354868280179,-0.6402343204970491,0.0335640306706635,1.1819198850575898,-0.26918965932552114,0.8449556814459106,0.4068608899156462,0.31303786155634733,-0.002817616205108483,0.010799870953638905,0.09081641531458907
-0.10800837618617838,-0.33920395071900594,-1.7948125669223773,0.5728865342763408,-0.44171230150240054,0.04001586720010805,0.4320760941320007,0.18619489538130715,-0.6026193887132005,0.07000591625186031,1.6523204644553933,-0.22532007060690687,0.5265137707976357,-0.29298393134385714,0.5422381504533335,0.0034323185057350044,-0.012277478145296632,-0.012041780647833898
-0.18683774083562024,-0.595523233134812,-1.2798986732530753,-0.010337303400123806,-0.12663656490657257,0.04833227426529465,-0.20952859537828586,0.03029054622178663,-1.0972817509647115,-0.12803944779766332,-1.8434444495497162,-0.21644522333833158,0.8859770919205027,1.313282795968135,0.8892159164126741,-0.02516649323806323,-0.0849635600039813,-0.006291422320781672
-0.05263717725335679,-0.5485684421880306,-1.0773305769977806,0.011938950627847163,-0.4838349671004026,0.022373218815121585,0.5090561580064672,-0.03367414867534907,0.1479940860164333,-0.004521925859382301,-2.5865628428166367,-0.19918778197214212,0.5447867556752796,-1.0448751801131142,1.8718664906741658,0.0041645800057269425,-0.03175225808981111,-0.009197438755009094
-0.1262547979058874,-0.4800490808873587,-1.2577161007077493,0.04752791479716618,-0.28317834875803455,0.05652282763822632,1.5418099471480384,0.12335726488208054,-0.7939795105597108,-0.19179118862246733,-1.2043621949181296,-0.20154135811123286,1.0016517136187337,2.0244544523301546,0.9970899546037146,-0.01944946018615144,-0.014177395573686023,0.00012286121228439163
-0.22459919952901825,0.04914694932640912,-1.0765228088802787,0.5443176672503144,-0.030645197557346363,0.18382773998694132,-0.16242315886466616,0.005220781645025214,0.015791942562669657,-0.03949850247221488,1.6025829813063337,2.6789855289299918,0.07476086491636859,0.267326675984839,1.0537476627525157,0.03460499347073151,0.014097520759636826,-0.0006849415882401327
-0.06104074511829098,-0.6245709154453913,-1.2044922252669426,-0.00446006939784605,-0.4159287914740102,-0.011846021097197103,0.49442955468169336,0.15346836159449534,0.057115552334201854,0.0003250696689282657,-2.377511484821555,-0.1927470048540375,0.5619000157997144,-0.9402732375764099,1.8407227191000348,0.010168255984771392,0.027332138081448788,0.07411299447308829
-0.15788154157488724,0.32254426200227587,-1.0967655812829924,0.44032642474793254,-0.045124606826258934,0.17777413253096508,0.7387373150712466,-0.0016717446901013434,-0.013026461255300065,-0.02061312585064844,1.6175101701454926,2.362382824307645,0.41361700454130407,0.30579076288254975,1.0929014912442498,0.034240747469127475,-0.005020111816087407,0.0009822050201819593
-0.869042763455508,-0.6217184870600095,-1.0528804810657757,0.12248766327742208,-0.18445890641272858,-0.06846206070459321,-0.4947344836591887,0.08241917736420323,-0.2872077952041111,-0.06091247566953753,-1.832947666077819,-0.9365626361044849,-2.84809117510859,0.5789808723104037,2.8816211563374394,0.015987687287712247,0.023607220476670486,-0.02138067986483253
-0.4489466624410611,-0.5378134650877793,-1.2329889630437598,0.6573409084998412,-0.2300865361636072,-0.20074428199145697,0.7537152709057193,0.4361135391056659,0.13586153901503212,-0.12911629015389064,1.5639280380280711,-0.9433617873223515,-1.5436523254888475,0.2933276304856841,2.7387386846767403,0.07956899408311364,0.00735687289369326,-0.015870332667418784
-0.16658577210183262,0.25499956606897334,-1.0952894966775768,0.4258449624337909,-0.03004179094669121,0.16260280438623892,0.7225462690156369,-0.01996012119462052,-0.02647191290235117,0.01764530261345755,1.5823855027250926,2.298904238389917,0.42784167999161765,0.30705724639975845,1.0936002989648028,0.026340652283540857,-0.004537379054224226,0.026488782937846445
-0.4933530294924361,-0.4429996798038257,-1.2482184495089084,0.6549522586397292,-0.27766635399875755,-0.11437087687885186,0.854301874039257,-0.09148576211816334,0.2800849091100228,-0.0979139482790104,1.4116193791848164,-1.143079253376368,-2.0621437723902054,0.3013492861804133,2.419243326278199,0.0709118533266792,-0.007600343357581296,-0.0135939175549937
-0.2269273043637415,-0.17428472413035562,-1.0222509234826673,0.5130705461512559,0.00042896007706111046,0.129524807005646,-0.3438519458234749,-0.015594898690651473,-0.047937959404270494,-0.06292638615936086,1.4843944609898163,3.1282407971945565,-0.2343047911864097,0.27495769374819395,0.9092915355103426,-0.10115726187209616,-5.990572052780201e-05,-0.007241866510008791
-0.10600320231679819,-0.37811545416782893,-1.775379118837084,0.654031787757516,-0.40778106973948536,0.043584207377990486,0.5637081718138791,0.2181593943356709,-0.6704754694234314,0.030018517138068065,0.6886774717862781,-0.22928333933852163,0.6030563481556255,0.5414135415201211,0.4185561571196023,-0.0003758708180427132,0.00730915800079663,0.06226960296897416
-0.108940270649779,-0.24758227190575266,-1.8183479000420617,0.5547344715937821,-0.4211087111072895,0.09269831296025112,0.3903050597188398,0.16709716562177912,-0.6426678709918434,0.07439447090181181,1.6562454713959809,0.5395408023196104,-0.16085933835960683,-0.3042082348626145,0.3631614249638591,0.0009129984712739303,0.010632683546554307,-0.009304096908129512
-0.20096692957855367,-0.3086758629395692,-1.6441366673551632,0.595933318699674,-0.33723601907945194,0.0969380147683998,-0.026288072639611228,0.09615017726280177,-0.5821308953694075,0.06612427332132029,1.7234270745171139,0.6060504138956153,-0.01303405962809195,-0.24379851871868558,0.23291168225687453,-0.00016003993775375332,0.011031245170223549,-0.015434967979088698
-0.12945542922987352,-0.33820160990955017,-1.829308208658745,0.5678950749924335,-0.4520965154521284,0.07417439496938716,0.4172428386387366,0.20692543350630102,-0.5896918523421582,0.07924647836347465,1.6378877674387047,-0.22980153704276263,0.6002852554294791,-0.29618242196919753,0.5571665807697788,-0.032933360164963364,0.011024003277828992,-0.010806059283426596
-0.20096692957855367,-0.3086758629395692,-1.6441366673551632,0.595933318699674,-0.33723601907945194,0.0969380147683998,-0.026288072639611228,0.09615017726280177,-0.5821308953694075,0.06612427332132029,1.7234270745171139,0.6060504138956153,-0.01303405962809195,-0.24379851871868558,0.23291168225687453,-0.00016003993775375332,0.011031245170223549,-0.015434967979088698
-0.0598800325358014,-0.3433747461568191,-2.0062763447094474,0.6261582195023656,-0.39706793541567675,-0.08668789326636697,0.36743030435350266,0.0902894205309405,-0.5382258245399055,0.052799268471722886,1.5208607100248603,-0.21401600805712012,0.39804938536697304,-0.26920089125855495,0.6671480146153987,0.009592182994159306,0.009867920118970513,-0.010761583372553632
-0.08343860031906035,-0.29945757789614325,-1.7796947447639762,0.6400867224163664,-0.40532745455432084,0.08496825476740864,0.5651278018431949,0.22084626898270848,-0.6915267410887052,0.03977642888172764,0.7917854405168913,-0.23573178010952034,0.6318240411861472,0.5282497283624034,0.3929501409157568,-0.0008540145917036283,0.00837240275259519,-0.007918817301788329
-0.21223577990321868,-0.3996231506792754,-1.6280592997229284,0.6162635996508956,-0.35362873047477644,0.04932528061929885,-0.09917923082592345,0.10441073364331382,-0.5470448176023774,0.05972852337962565,1.697583655622338,-0.2626609185818567,0.7596229508967285,-0.22725179935857404,0.42133626690734405,0.003336037182738058,-0.022710046657587767,-0.019175774095793744
-0.11523843585183831,-0.30508746115616747,-1.8050971227490709,0.5686511111332132,-0.42462767521188555,0.07677691915112819,0.3794365445116754,0.16409035037110223,-0.6423915179487257,0.07601423490490304,1.6599116730424301,0.5387302123830712,-0.1535418463335206,-0.29465567080572397,0.39926647404297966,0.0010163287402262821,0.010180964882062188,0.073269083560824
-0.05432824792466356,-0.2525254183069524,-2.0052839064003156,0.5694801709799823,-0.3508800616050184,-0.06716570467867759,0.3488090014532387,0.044366456392232315,-0.5695392702793174,0.058540870202798474,1.5288873029647483,0.5240718780279802,-0.18813862136938178,-0.2802704117562162,0.4620746162373419,0.0054271423118163456,0.00998642605091637,-0.010141388967201416
-0.4489466624410611,-0.5378134650877793,-1.2329889630437598,0.6573409084998412,-0.2300865361636072,-0.20074428199145697,0.7537152709057193,0.4361135391056659,0.13586153901503212,-0.12911629015389064,1.5639280380280711,-0.9433617873223515,-1.5436523254888475,0.2933276304856841,2.7387386846767403,0.07956899408311364,0.00735687289369326,-0.015870332667418784
-0.8148631363292401,-0.5937715150489126,-1.083926860188816,0.19061872241508226,-0.29895227622072434,-0.06414137705446285,0.7702635554098166,0.08599299492875669,-0.15865843515085595,0.09689840344807227,-1.8966755218226221,-0.8467048525208863,-3.3676043234553283,0.8011936692435552,3.3303688073630155,-0.06077156565372376,0.008034725582376565,-0.0005968482784046811
-0.8622266893324139,-0.6516893145397779,-1.0483650894047778,0.12377099565686817,-0.13673393537293851,-0.09169960576306324,-0.45954398290916243,0.262061497993386,-0.29693609925403863,-0.07368591648296827,-2.2089131566257607,-0.8726905439382847,-2.7645522140896652,0.5454422832787367,3.3702347399496464,0.009674313505547875,-0.055535537610986056,-0.025240911726996437
-0.07893904249603782,-0.9376137304046679,-1.4319873994076908,-0.036746908856492407,-0.33808200828265034,0.02850671359092676,-0.14157197929552726,-0.09295410379039637,-0.16035195329093904,0.018371402855211258,-2.6762622878561233,-0.2126936413741718,0.6267956750719886,-0.6674119378869894,1.772206683261673,0.008445062968672762,0.0160689867953073,0.06759130173130544
-0.1950098126792831,-0.3164855651327259,-1.6184089915725721,0.5847339436426165,-0.3194871548156197,0.08143613590966275,-0.020151155896346685,0.09979720925721845,-0.5943988043377777,0.061411270340956975,1.732140174069337,0.6059543034848794,-0.02440646703403401,-0.24170687451986586,0.22673700419861811,0.0013414925797332693,-0.023596545680959674,-0.016529328480534455
-0.2019395707922316,-0.18144509473909187,-1.0514911391221426,0.4251489239578661,0.12271102815208103,0.11491706391432603,-0.31079859224084083,0.0672983166297524,-0.06566555823638703,-0.04745667171591139,1.521731002165095,2.742344109125379,-0.10509952999077928,0.2634289272744803,1.0127588910167393,-0.07210867824040959,-0.0023495683935551553,-0.00861302543103101
-0.17328347988354903,-0.597436774086445,-1.293448383725291,-0.004415944073734837,-0.14208323971658,0.06745577585155373,-0.1843682833562586,0.001050853235784221,-1.086950302913688,-0.11318968742023389,-1.7992396563389548,-0.21590732354644268,0.8985682938938959,1.3480271609944559,0.8934342352541178,-0.02314581868090513,0.02664222895218366,-0.005005487773257992
-0.14034411759369667,-0.5313088760018295,-1.319431361711235,0.12921389778163017,-0.28693254074556884,0.033988717335230983,1.5307862203579456,0.08111086282416433,-0.7366321642861106,0.14060799168890253,-1.0374467659897728,-0.19884938131510563,1.0258688119750445,2.0991873599430804,1.0180071229881538,-0.017006948442057645,-0.004147871321483354,0.010033209179354926
-0.16101742488814283,-0.6584237988737509,-1.3816100572623318,-0.021684371069266916,-0.12802579593129607,-0.0014624622541442797,-0.06884764802002655,0.13081058319011551,-1.0694201436303108,-0.12549387094048722,-1.7140279372119214,-0.2069578793468815,0.8813837738351897,1.2636082793662626,0.9253564400441078,-0.013444691674431469,0.03808580006871168,-0.008791295401409802
-0.869042763455508,-0.6217184870600095,-1.0528804810657757,0.12248766327742208,-0.18445890641272858,-0.06846206070459321,-0.4947344836591887,0.08241917736420323,-0.2872077952041111,-0.06091247566953753,-1.832947666077819,-0.9365626361044849,-2.84809117510859,0.5789808723104037,2.8816211563374394,0.015987687287712247,0.023607220476670486,-0.02138067986483253
-0.05410449744567422,-0.24134125979275836,-1.994368986166956,0.5421766628658361,-0.36017876955063277,-0.06811073240730951,0.3501308618218507,0.04506571204490131,-0.5591211438829125,0.06461355274186399,1.5266779272336772,0.5346287694918903,-0.16423891231102197,-0.28830181775288904,0.47379227168729604,-0.03703279413240916,0.009986217314576372,-0.010235561759354736
-0.1656357977129207,-0.5164037071309475,-1.8390401911121497,0.679545564271026,-0.3147827851005582,-0.08266488710897507,-0.011723806653840332,0.11582500635957158,-0.43430820404729614,0.016947580472560113,1.5635554925017592,-0.23808699697497976,0.5925606370150295,-0.22580045329491985,0.5277649865019794,0.006269593529405345,0.008786237598732836,0.11056256421982542
-0.10800837618617838,-0.33920395071900594,-1.7948125669223773,0.5728865342763408,-0.44171230150240054,0.04001586720010805,0.4320760941320007,0.18619489538130715,-0.6026193887132005,0.07000591625186031,1.6523204644553933,-0.22532007060690687,0.5265137707976357,-0.29298393134385714,0.5422381504533335,0.0034323185057350044,-0.012277478145296632,-0.012041780647833898
-0.21741574979876702,-0.6765643113512986,-1.3555563784248115,0.08871853649767658,-0.11742465992706219,0.0252314927813755,-0.20972548388423887,-0.012936360827586934,-1.0455593275273234,0.09270085806037083,-1.7027376821057647,-0.21400537863729976,0.9097091064966631,1.4189346989120426,0.9037276250186222,-0.022640744325718026,0.02300017046927361,0.03258108857383685
-0.06833698721819717,-0.4088996024166395,-1.9961885788239884,0.6366187819249501,-0.4020802877987038,-0.09895971105021319,0.33945689478595764,0.0818538544386136,-0.525416425952689,0.05543777511089815,1.5191098835184302,-0.2156650597125605,0.40033267181378973,-0.2628189306194802,0.6950163910161138,0.009373451386326016,0.009490680416989207,0.0650460325137158
-0.23294423697033878,-0.48300608857951327,-1.6567673773708802,0.6455879153037416,-0.37855344136281055,0.043362790909452865,-0.07887360653619645,0.08024769867733546,-0.5050598878517861,0.021424590250903902,1.6623472865942523,-0.26099767379197725,0.7478225837414415,-0.23421308309883382,0.4532224814893847,0.0033947651099231154,0.009625739741551946,0.10008371041097588
-0.13211158142649443,-0.45518901531717565,-1.7818070532187773,0.7707038850644202,-0.2815242480537161,-0.09625024106671975,-0.016811387009349393,0.1120992794407292,-0.5264042790076292,0.011882047275686432,1.0415355871620813,-0.24327905467325656,0.6541023998166879,0.4133458275532938,0.3857217852671203,0.0006206538567994404,0.008889238892339689,0.1011803221106167
-0.17328347988354903,-0.597436774086445,-1.293448383725291,-0.004415944073734837,-0.14208323971658,0.06745577585155373,-0.1843682833562586,0.001050853235784221,-1.086950302913688,-0.11318968742023389,-1.7992396563389548,-0.21590732354644268,0.8985682938938959,1.3480271609944559,0.8934342352541178,-0.02314581868090513,0.02664222895218366,-0.005005487773257992
-0.108940270649779,-0.24758227190575266,-1.8183479000420617,0.5547344715937821,-0.4211087111072895,0.09269831296025112,0.3903050597188398,0.16709716562177912,-0.6426678709918434,0.07439447090181181,1.6562454713959809,0.5395408023196104,-0.16085933835960683,-0.3042082348626145,0.3631614249638591,0.0009129984712739303,0.010632683546554307,-0.009304096908129512
-0.21118530350223041,-0.1753983117445395,-1.0684227733803566,0.41717588548899565,0.11000000967058104,0.10047031800253368,-0.3328447749712569,0.03916790664533537,-0.10251395156294982,-0.032458219707811355,1.5824290552814249,2.6372232430571194,-0.0021358771256260035,0.2553306822636459,1.008963600432599,0.020964606990918573,0.008851589198230416,-0.00891351836993834
-0.8177788964452521,-0.5806674749805144,-1.0780974656681357,0.16947188008464464,-0.2504875096193406,-0.10087570249813638,0.7498367080976308,0.2281838155467428,-0.17065180124933071,-0.09844709491831691,-2.3177174108030236,-0.8002476543596813,-3.069231201175358,0.7139513425410481,3.8181594285520224,0.012873565658883299,-0.054381316800289285,-0.003855711963511161
-0.02060346158443372,-0.3065939625499212,-1.959915111417947,0.6901569480227174,-0.35541830281724174,-0.07987822971357095,0.5009018448096801,0.07121727676023859,-0.6416905642680468,0.0206138681618173,0.7354283428585585,-0.2225626808596933,0.4730871946411971,0.4965044733016596,0.5240230678008312,0.0031444994542292127,0.008508102074427561,-0.006885804674512932
-0.1950098126792831,-0.3164855651327259,-1.6184089915725721,0.5847339436426165,-0.3194871548156197,0.08143613590966275,-0.020151155896346685,0.09979720925721845,-0.5943988043377777,0.061411270340956975,1.732140174069337,0.6059543034848794,-0.02440646703403401,-0.24170687451986586,0.22673700419861811,0.0013414925797332693,-0.023596545680959674,-0.016529328480534455
-0.2158769645999222,-0.46427495597880836,-1.6565558946104453,0.6389190205926646,-0.3839919535207613,0.06297929142657147,-0.0853921937610884,0.08492336787272162,-0.5424915746686555,0.0658701792887808,1.702553646077823,-0.26101114870208725,0.7777079312567299,-0.2251948672816274,0.46281804982503033,0.0020368927326107383,0.010366381066503212,0.09998562631725894
-0.0598800325358014,-0.3433747461568191,-2.0062763447094474,0.6261582195023656,-0.39706793541567675,-0.08668789326636697,0.36743030435350266,0.0902894205309405,-0.5382258245399055,0.052799268471722886,1.5208607100248603,-0.21401600805712012,0.39804938536697304,-0.26920089125855495,0.6671480146153987,0.009592182994159306,0.009867920118970513,-0.010761583372553632
-0.12945542922987352,-0.33820160990955017,-1.829308208658745,0.5678950749924335,-0.4520965154521284,0.07417439496938716,0.4172428386387366,0.20692543350630102,-0.5896918523421582,0.07924647836347465,1.6378877674387047,-0.22980153704276263,0.6002852554294791,-0.29618242196919753,0.5571665807697788,-0.032933360164963364,0.011024003277828992,-0.010806059283426596
-0.10662638158490051,-0.20107734757546994,-1.7795778592660536,0.5991948270773424,-0.3814756385293786,0.14268002733612273,0.5330175019237647,0.2158628952184796,-0.72242651040711,0.04965346485525832,0.7849414326134034,0.5636933702719663,-0.03914516954433092,0.5531616427078818,0.21615209700908478,-0.014661111282277815,0.008312060913111404,-0.0016418017369284478
-0.08656017032566087,-0.5692157187612852,-1.3763192316693393,0.04619847421712724,-0.18934968139637653,0.04989215910720797,-0.2255118085203824,0.12455566050980282,-0.9488121476162834,-0.12639569244348256,-1.8332313706752463,-0.19568037307672934,0.7492348880000838,1.04540450030373,1.0751550866968234,-0.011031007895649246,0.031102613044286548,0.043934653834712255
-0.02066703291269777,-0.531172719522282,-1.1069291491071553,0.02929927504748954,-0.5120657827152738,0.03652794385520447,0.5220728865572509,-0.052654951680761695,0.15370978277346253,0.002488387427545128,-2.567662120479994,-0.1992948068557824,0.5626348538518481,-1.0580528472347661,1.891522848944178,-0.02193975679985825,0.014256385397718195,-0.008702363212740438
-0.11737915614456385,-0.34186455277483774,-1.8304513136421343,0.5825751611327451,-0.44800669801883836,0.06468230008536457,0.4149527178301512,0.18565443724118746,-0.5974362063351322,0.07213973799153031,1.6424103802193897,-0.22591277628478526,0.544589587807982,-0.29171961171003274,0.5489868471604148,0.003472878186113402,0.010849763568747775,-0.010839329646648844
-0.07731089295935284,-0.9135498791535881,-1.3880105848492228,-0.037305905153254604,-0.3371285648663094,0.02727158719752404,-0.14743977310046505,-0.05220441359634116,-0.13609321245428224,0.014857186849853854,-2.6665402577986437,-0.2138300631954629,0.6197089650083061,-0.6612042250557252,1.7751698056205751,0.0075835095902517385,-0.042070738675769916,-0.01186504340801883
-0.13196643783747958,-0.3191697095958555,-1.805328960536301,0.5675358330949493,-0.4222530716020782,0.057698992701036636,0.38737874213973805,0.1602649703618382,-0.6185314224750336,0.03145833966137303,1.6004078154767971,0.5373440465917402,-0.17586743615475886,-0.30235669168965235,0.3917510749716972,0.001609995649781345,0.009974201394174837,0.07342055118140527
-0.8026034802736731,-0.5882321442104099,-1.0964417775701192,0.17372930929011043,-0.2948805340699908,-0.05564353962560353,0.7447432850333838,0.08365367609865691,-0.19756477610265785,-0.09596726070589574,-1.9407773191303983,-0.8537954967450534,-3.2690510997589426,0.7656008683888885,3.3541726266254432,-0.05962930771547451,0.007901208085682062,-0.0018434042805830551
-0.09021508603970757,-0.20514358885723868,-1.7707311431040729,0.6126675994742347,-0.3782097251954934,0.13129484727557686,0.5338469823133454,0.20302520525861592,-0.7339746098520166,0.04410934412581202,0.8133211806880498,0.5572122023750183,-0.07641235275124468,0.5432515090899689,0.20600222916572505,-0.0032796845250918642,0.008150636641191167,-0.0015447127493625147
-0.11331498208924773,-0.2774770557911955,-1.7668627842533753,0.6869432274846925,-0.21589123560148962,-0.024440903290881364,-0.0027765792955857234,0.03813559759589504,-0.6015540055708144,0.019067754625920967,1.128070590634827,0.5905953585034561,0.02325069753177357,0.4167021071989673,0.16161547783711191,-0.0026708757753663016,0.010969173942861657,-0.013657397020913162
-0.5694404841815909,-0.48081353692767553,-1.2622205570863128,0.6478105330556435,-0.20537052337410644,-0.11602802997602847,-0.10494300359948057,-0.1224745817234434,0.34120015515964225,-0.10853882304424342,1.3290835184741274,-1.1662235767526252,-2.3094863977571634,0.24605429898733555,2.843829019253974,0.07199592119494135,-0.011638008732931705,-0.016091756303417047
-0.12456352239351165,-0.3677171100981004,-1.8941303186435043,0.7006648200066227,-0.3711004850964943,-0.041975749418542006,-0.046472219849186085,0.11507110338240659,-0.4040733652723524,0.014001901943010495,1.5016981331442933,-0.22050437033996195,0.4478563299324954,-0.21596717352607867,0.7299361123791606,0.010957193042925594,0.007180641692443854,0.08917557911435915
-0.14241962087773935,-0.41537587409037524,-1.8209904919852458,0.5927639379648388,-0.4476939968350508,0.030155191495997668,0.41175727368939186,0.18056659185254786,-0.5770995497132884,0.032823105938294295,1.5878630824810316,-0.22263906461513058,0.5141880880800417,-0.2939575286754711,0.5747075647134563,0.00450814413529971,0.010084996918519197,0.07412898285623908
-0.8669106596856807,-0.5839482706110044,-1.0455298091587877,0.11413141525586389,-0.17952305178616482,-0.08581633666215537,-0.5006542297866529,0.10570882790795544,-0.26765166521786743,-0.06531387986770683,-1.9058009476482034,-0.9367533969296332,-2.807868400895715,0.5700507506352694,2.9336068885096065,0.009811704794551727,-0.035184592293216514,-0.022316846560436237
-0.8177788964452521,-0.5806674749805144,-1.0780974656681357,0.16947188008464464,-0.2504875096193406,-0.10087570249813638,0.7498367080976308,0.2281838155467428,-0.17065180124933071,-0.09844709491831691,-2.3177174108030236,-0.8002476543596813,-3.069231201175358,0.7139513425410481,3.8181594285520224,0.012873565658883299,-0.054381316800289285,-0.003855711963511161
-0.05292193330198089,-0.6078930194737038,-1.1626725094820252,-0.021273306345046268,-0.4387519944942419,-0.015998836616179374,0.5097378550544359,0.15007818886800484,0.09137990130498153,-0.0024687619535678834,-2.3839388350748707,-0.1924197322237569,0.5463273244813696,-0.9588331757893049,1.8331380329647595,0.010110964800240811,0.026310135453837796,-0.009872798172920883
-0.8669106596856807,-0.5839482706110044,-1.0455298091587877,0.11413141525586389,-0.17952305178616482,-0.08581633666215537,-0.5006542297866529,0.10570882790795544,-0.26765166521786743,-0.06531387986770683,-1.9058009476482034,-0.9367533969296332,-2.807868400895715,0.5700507506352694,2.9336068885096065,0.009811704794551727,-0.035184592293216514,-0.022316846560436237
-0.8112396746846563,-0.5205652294683117,-1.0816115418955266,0.15747067934155193,-0.3008497455988153,-0.09382722081462017,0.7521439480423538,0.11524863228352705,-0.15755698699622503,-0.09531696354682702,-2.115005511444687,-0.855307564838144,-3.190734143894792,0.7525426882480926,3.3594975416761437,0.00979998780198217,-0.025541784828898295,-0.0024429427154209382
-0.180780308206523,0.30003745752084837,-1.0533437033859692,0.5275833071952934,-0.15618290695527598,0.20890791320988472,0.7706323142159981,0.015264042749952684,0.004107066261727143,-0.029358389735286674,1.6063537964831804,2.707200446917526,0.2869555514817585,0.3186855880498398,0.9753215281468101,0.045468301574372594,-0.004787190934232395,0.0013060187434688064
-0.19118869910302255,-0.23033955158046668,-1.6005921392082325,0.6558216217773353,-0.30736476539812424,0.14718730391979148,-0.04260965767508771,0.12414495316503642,-0.6681012933989964,0.04381579012191037,1.1721868784115268,0.6343512610892865,0.08105521207113066,0.44601966485423283,0.10001177269047208,-0.006053797312105079,0.012869729068216868,-0.00784345015959582
-0.16186610032686022,-0.21910722953635317,-1.6471674720256866,0.7114419089914124,-0.337412260446948,0.1710485209268881,-0.08357836059931163,0.15986747470712218,-0.6283130632520691,0.01614424308443939,1.1582794655298696,0.5661839345201273,-0.017875586993768823,0.4356204515191321,0.28644101678770684,-0.0031284034444949422,0.010312013633512624,0.06314694692527247
-0.048638517627961494,-0.5558619479934417,-1.1260365345284822,0.03249561937961798,-0.47300514581762065,0.022057602889140222,0.5287718732220087,-0.08666704456014669,0.18163236698384272,0.11398941286389425,-2.481342825775667,-0.1968315876644317,0.5535945454145906,-1.079265380733139,1.8894672856424144,0.00538794312418267,0.016350152710902406,0.06393968247032146
-0.086396774317268,-0.42783377935359757,-2.0001595891255244,0.6348997089361489,-0.40208181108077856,-0.11993972647763941,0.3462200651942139,0.08345689115724861,-0.5033010274305992,0.021373227862527832,1.463615811849187,-0.2127424215258771,0.367066280162232,-0.2696657262747606,0.6807033933714992,0.01047427324162889,0.009269163874922826,0.06507953993643613
-0.02066703291269777,-0.531172719522282,-1.1069291491071553,0.02929927504748954,-0.5120657827152738,0.03652794385520447,0.5220728865572509,-0.052654951680761695,0.15370978277346253,0.002488387427545128,-2.567662120479994,-0.1992948068557824,0.5626348538518481,-1.0580528472347661,1.891522848944178,-0.02193975679985825,0.014256385397718195,-0.008702363212740438
-0.13570114169088796,-0.33643348032784437,-1.824295323222614,0.602791899599515,-0.2501931154639974,-0.039190894342565216,0.007282550771413579,0.0484861497098811,-0.5166673468892875,0.04829625707771967,1.6148784962214484,0.5739356748094824,-0.036783031222657546,-0.2314352366112555,0.30661128904765667,0.0023033787149593075,0.010278242636804826,-0.020793535484483313
-0.600318638452722,-0.5018993329161475,-1.279489274266399,0.6679007404599263,-0.1706217379442677,-0.12336061121630133,-0.11913339284560721,-0.11319536898984739,0.2701091695607634,0.006672284901887421,1.3302005231771492,-1.1298507179920896,-2.2076510495382684,0.2508791502568765,2.8065732261558973,0.07107505891818408,-0.011404196972377297,0.053551667703294406
-0.5838109100687414,-0.6860714668591267,-1.2116200995937454,0.6282678877557298,-0.13552253069903666,-0.1945429186539402,-0.6607347837997876,0.5920548511882406,-0.018256125347194167,-0.009950117631097774,1.4704167269891708,-0.995070092315126,-2.138982067364692,0.2512839604341911,2.584021478240237,0.06347600753246999,-0.002713949217265347,0.08445831607639462
-0.0533914632877699,-0.24655469968049332,-1.9795800503698266,0.5596698151904673,-0.30315406621946195,-0.0846441099596476,0.3650641759206033,0.05079572315776197,-0.5719600440797568,0.056512855834776006,1.553158479954982,0.5254692763330214,-0.19849708360121285,-0.2808333732197191,0.4511927585062867,0.005259783173142595,-0.007383204455897898,-0.011087273197281202
-0.10600320231679819,-0.37811545416782893,-1.775379118837084,0.654031787757516,-0.40778106973948536,0.043584207377990486,0.5637081718138791,0.2181593943356709,-0.6704754694234314,0.030018517138068065,0.6886774717862781,-0.22928333933852163,0.6030563481556255,0.5414135415201211,0.4185561571196023,-0.0003758708180427132,0.00730915800079663,0.06226960296897416
-0.027653555993628297,-0.21010985449551614,-1.9360384332885996,0.6188764946820041,-0.2632720391645019,-0.0642712641758481,0.5025032747443273,0.027801795400741167,-0.669462104207423,0.025364964946173994,0.7622402072934177,0.541120587560178,-0.12259029694750444,0.5113636934906554,0.30751226708698093,-0.001034311159004366,-0.006408892084416921,-0.0025717003547241998
-0.086396774317268,-0.42783377935359757,-2.0001595891255244,0.6348997089361489,-0.40208181108077856,-0.11993972647763941,0.3462200651942139,0.08345689115724861,-0.5033010274305992,0.021373227862527832,1.463615811849187,-0.2127424215258771,0.367066280162232,-0.2696657262747606,0.6807033933714992,0.01047427324162889,0.009269163874922826,0.06507953993643613
-0.180780308206523,0.30003745752084837,-1.0533437033859692,0.5275833071952934,-0.15618290695527598,0.20890791320988472,0.7706323142159981,0.015264042749952684,0.004107066261727143,-0.029358389735286674,1.6063537964831804,2.707200446917526,0.2869555514817585,0.3186855880498398,0.9753215281468101,0.045468301574372594,-0.004787190934232395,0.0013060187434688064
-0.09362014183365021,-0.26050725639389016,-1.75404635738102,0.6227992712058705,-0.38619122941367967,0.10445840613278841,0.5225092990935857,0.2021757788330352,-0.7281903269360506,0.04351505896345855,0.8307556966357753,0.5505992161468708,-0.07073850847821946,0.529497165963602,0.241748304946504,-0.00328533578498567,0.007503564430328351,0.05772156053633418
-0.14326214632740739,-0.33690111958957997,-1.8246572443169025,0.6014489381946113,-0.2531522035886389,-0.04573208106992175,0.0370479210725752,0.05520566475792936,-0.46074678054974694,0.012701254775911781,1.5814628562756088,0.5813049965733396,-0.040155876806357654,-0.246703427320816,0.3188769568839712,-0.03022237398025422,0.010762372632326501,-0.020573540949999084
-0.1095081219243789,-0.34736225304202034,-1.7660658729619458,0.7444799224448008,-0.27467074165433897,-0.04907962903769022,-0.0348155856266782,0.10397437063043995,-0.554319375593246,0.021192813586238188,1.075011498415514,-0.2499665697891522,0.7331023062757837,0.4136935174012554,0.3960631474467875,-0.017018941372426512,0.012354045465101193,-0.020360363997399652
-0.048638517627961494,-0.5558619479934417,-1.1260365345284822,0.03249561937961798,-0.47300514581762065,0.022057602889140222,0.5287718732220087,-0.08666704456014669,0.18163236698384272,0.11398941286389425,-2.481342825775667,-0.1968315876644317,0.5535945454145906,-1.079265380733139,1.8894672856424144,0.00538794312418267,0.016350152710902406,0.06393968247032146
-0.8427780887044815,-0.6523757625032549,-1.065637109166408,0.12976745055463737,-0.2023291406325933,-0.044941371343419544,-0.489655445336607,0.07719828111180722,-0.3002172766803688,-0.0654049730289771,-1.736975912135749,-0.943643217534634,-2.9627637648982827,0.5979566530063734,2.8959641339649287,-0.05661786846636297,0.013701253212682379,-0.021210341419271014
-0.18683774083562024,-0.595523233134812,-1.2798986732530753,-0.010337303400123806,-0.12663656490657257,0.04833227426529465,-0.20952859537828586,0.03029054622178663,-1.0972817509647115,-0.12803944779766332,-1.8434444495497162,-0.21644522333833158,0.8859770919205027,1.313282795968135,0.8892159164126741,-0.02516649323806323,-0.0849635600039813,-0.006291422320781672
-0.13570114169088796,-0.33643348032784437,-1.824295323222614,0.602791899599515,-0.2501931154639974,-0.039190894342565216,0.007282550771413579,0.0484861497098811,-0.5166673468892875,0.04829625707771967,1.6148784962214484,0.5739356748094824,-0.036783031222657546,-0.2314352366112555,0.30661128904765667,0.0023033787149593075,0.010278242636804826,-0.020793535484483313
-0.19099878704300915,-0.3315404841259735,-1.5878042101936487,0.6990784452928815,-0.3361729763884496,0.07518441794104573,-0.13197146405331303,0.11477273085762235,-0.6341751015114329,0.03270392811729326,1.1560440879499696,-0.27550903836317076,0.8517319567046447,0.41421333814898503,0.27520874450124183,-0.0032875641348319826,0.011564538775452523,-0.015671729141993256
-0.020380959242623262,-0.3065350940126434,-1.950043944869671,0.6642397835752809,-0.361570300590955,-0.08014541812617552,0.5055407620266423,0.07314487008005677,-0.6282771300373976,0.025384350549908122,0.7084212257455431,-0.22807515334362347,0.5365057998978632,0.5106590731745071,0.5375194583390885,-0.0332176607253719,0.008390489642904002,-0.008189318750025373
-0.05263717725335679,-0.5485684421880306,-1.0773305769977806,0.011938950627847163,-0.4838349671004026,0.022373218815121585,0.5090561580064672,-0.03367414867534907,0.1479940860164333,-0.004521925859382301,-2.5865628428166367,-0.19918778197214212,0.5447867556752796,-1.0448751801131142,1.8718664906741658,0.0041645800057269425,-0.03175225808981111,-0.009197438755009094
-0.10662638158490051,-0.20107734757546994,-1.7795778592660536,0.5991948270773424,-0.3814756385293786,0.14268002733612273,0.5330175019237647,0.2158628952184796,-0.72242651040711,0.04965346485525832,0.7849414326134034,0.5636933702719663,-0.03914516954433092,0.5531616427078818,0.21615209700908478,-0.014661111282277815,0.008312060913111404,-0.0016418017369284478
-0.4768059571173215,-0.38949593626450046,-1.1917202909021953,0.6218697434638683,-0.27764270452715756,-0.12194639676403601,0.8550601590890969,-0.054437724251113276,0.3021588623750305,-0.09467549086486593,1.4491239937645461,-1.1310359046227418,-2.0075281563929988,0.30149667948832826,2.428651938601454,0.06931002240527763,0.04546086129917872,-0.014472865446465484
-0.8177788964452521,-0.5806674749805144,-1.0780974656681357,0.16947188008464464,-0.2504875096193406,-0.10087570249813638,0.7498367080976308,0.2281838155467428,-0.17065180124933071,-0.09844709491831691,-2.3177174108030236,-0.8002476543596813,-3.069231201175358,0.7139513425410481,3.8181594285520224,0.012873565658883299,-0.054381316800289285,-0.003855711963511161
-0.1485853203060818,-0.20087391866827198,-1.6743083199697322,0.6310471134837339,-0.3608439352438493,0.1575888830224765,-0.036205521131578176,0.14540971050835988,-0.5487382688630283,0.07112297769764137,1.6896368495942597,0.5504554582400507,-0.07604711416816093,-0.24238974171841085,0.40975401607287204,0.00247709002091996,-0.024492853806587906,-0.011636271431314245
-0.012964906329957714,-0.513348943001598,-1.098147062264574,0.03378356303987048,-0.5039951233312218,0.02914308555334067,0.5528794793383369,-0.06839834540093807,0.20403987740114118,0.11736927057155187,-2.4662118174937495,-0.19783626030643225,0.5575612144551552,-1.1247832750599176,1.888039149278139,-0.024008216584674478,0.014957460042591018,-0.008041649907006194
-0.48411600432540935,-0.5130533123761556,-1.2085612631458305,0.6787353276908888,-0.2251178583174708,-0.10826527792725799,0.8620404913669907,-0.049120479141211634,0.2518355468609003,0.017868568415539743,1.3010920829183552,-1.1598313673942988,-2.1505996021237,0.3175550013963773,2.3998444955199547,-0.1993230958382727,-0.007747180736734208,-0.013198572842697938
-0.180780308206523,0.30003745752084837,-1.0533437033859692,0.5275833071952934,-0.15618290695527598,0.20890791320988472,0.7706323142159981,0.015264042749952684,0.004107066261727143,-0.029358389735286674,1.6063537964831804,2.707200446917526,0.2869555514817585,0.3186855880498398,0.9753215281468101,0.045468301574372594,-0.004787190934232395,0.0013060187434688064
-0.11633500526481164,-0.5531377187888006,-1.3621063277362948,0.04098124936154978,-0.27693451188193347,0.02955291192653639,1.4290972271321742,0.08915007037888842,-0.8106955614476458,-0.1762328023695563,-1.1450395427805056,-0.19443093611047285,0.9570749094085921,1.8123544909068743,1.0851559728333537,-0.01034359512873576,0.009421474892983409,0.02917186133446001
-0.1245062579475001,-0.39679068064120016,-1.8178149033167779,0.5935477715658755,-0.45093385936786207,0.050180673481550885,0.4021498806129093,0.186255791071827,-0.5962829656234052,0.07417988912457782,1.6475520231702157,-0.22445201088104505,0.5468750928339524,-0.28683553700507103,0.5856947561301843,0.0035457095314107697,0.010333587764435164,0.07400520616258725
-0.045445692042444204,-0.3946969084666727,-1.9597671249276374,0.6989610855115022,-0.3635817233075605,-0.12005840270152501,0.47933194296309345,0.06302436241738199,-0.6060329902008262,0.01796416315551998,0.6299692244402452,-0.21821926600231473,0.4427584615730742,0.5076800126978439,0.5369257867696436,0.002460507217286717,0.007564426693793546,0.05119963420959008
-0.19099878704300915,-0.3315404841259735,-1.5878042101936487,0.6990784452928815,-0.3361729763884496,0.07518441794104573,-0.13197146405331303,0.11477273085762235,-0.6341751015114329,0.03270392811729326,1.1560440879499696,-0.27550903836317076,0.8517319567046447,0.41421333814898503,0.27520874450124183,-0.0032875641348319826,0.011564538775452523,-0.015671729141993256
-0.04029379372686133,-0.5557729378531956,-1.0971524902162169,0.013402536048794685,-0.5020403329408647,0.029202233741507832,0.5007387056243975,-0.06508443226600558,0.17227070527415958,-0.003443943756119657,-2.5729168027245923,-0.198256521603311,0.5467368631352919,-1.0338506748109615,1.8889907981330436,0.004689186525940935,0.014931107952275193,-0.00877937320391556
-0.06420050389358753,-0.9100892404772177,-1.3905011188962848,-0.04371604714913152,-0.35653056757071244,0.0330778228080984,-0.14415926227175324,-0.07600394624704823,-0.11147112094522342,0.016156919616217107,-2.6521621560442594,-0.2132936992027877,0.6244587543731883,-0.6797843197327084,1.7784745854742976,0.008024519525309158,0.016210590577097252,-0.01112037661008916
-0.00706971935755078,-0.6862223940976592,-1.2547074419440472,0.048526037555469484,-0.37604896610604566,0.008097107953159878,0.00895969821355081,0.1741671472509981,0.06614123709473453,0.005828852915345912,-2.4417101105213406,-0.1941138815839483,0.5426792891383191,-0.5496332491966238,1.8144103613228761,0.017743105645185057,0.02492706967069641,-0.015269977286406644
-0.15788154157488724,0.32254426200227587,-1.0967655812829924,0.44032642474793254,-0.045124606826258934,0.17777413253096508,0.7387373150712466,-0.0016717446901013434,-0.013026461255300065,-0.02061312585064844,1.6175101701454926,2.362382824307645,0.41361700454130407,0.30579076288254975,1.0929014912442498,0.034240747469127475,-0.005020111816087407,0.0009822050201819593
-0.08074675796378951,-0.6058564026704507,-1.154644238966911,-0.025536235785807097,-0.40789415119372857,-0.02252631155789851,0.5131846124627185,0.1432656103671358,0.05371114288794554,-0.003134405537845379,-2.4245381547994107,-0.19364988459854424,0.5449806269270724,-0.969978324436557,1.8093620368825223,0.009474104422618715,-0.05859609267977435,-0.010173007092610419
-0.0308144782917817,-0.2804658692157701,-1.9463094621550003,0.6369988177488703,-0.31945236790916204,-0.06588901146943447,0.4537134151499531,0.016776372582996378,-0.6629286809381643,0.028049747550404954,0.760422212089004,0.5368289456521859,-0.10754826000012016,0.4944776306132285,0.34411912776610803,-0.002069007725025238,0.008086816957017424,0.05270821826135245
-0.05263717725335679,-0.5485684421880306,-1.0773305769977806,0.011938950627847163,-0.4838349671004026,0.022373218815121585,0.5090561580064672,-0.03367414867534907,0.1479940860164333,-0.004521925859382301,-2.5865628428166367,-0.19918778197214212,0.5447867556752796,-1.0448751801131142,1.8718664906741658,0.0041645800057269425,-0.03175225808981111,-0.009197438755009094
-0.6145505087231046,-0.49829966039531476,-1.1628224948605135,0.5805600219253043,-0.16435500427636085,-0.14040854401102573,-0.7649088103581286,-0.10896768985337489,0.17557506810778314,-0.10382859034978782,1.2911577659427953,-1.2683210837313768,-2.6972070213851986,0.24421967378041057,2.3506488404176515,0.06139291792082978,0.051438606027647035,-0.03795265284486498
-0.6145505087231046,-0.49829966039531476,-1.1628224948605135,0.5805600219253043,-0.16435500427636085,-0.14040854401102573,-0.7649088103581286,-0.10896768985337489,0.17557506810778314,-0.10382859034978782,1.2911577659427953,-1.2683210837313768,-2.6972070213851986,0.24421967378041057,2.3506488404176515,0.06139291792082978,0.051438606027647035,-0.03795265284486498
-0.823694170159689,-0.5601392297864645,-1.0900747318838944,0.16687199761688154,-0.29813212130236505,-0.07833225942002356,0.7425615732987192,0.08152621817493257,-0.18421818816491034,-0.09204265056427553,-2.0561592294688715,-0.8497174734920647,-3.1665742268221124,0.7505393043122688,3.318980927832867,0.015873574626515213,0.01774790706988819,-0.0016463885340481483
-0.1502207454081448,0.2799974401595381,-1.098023491690189,0.42959472366564194,-0.03857989127381774,0.1608094987953163,0.7332646373231537,-0.002970411525485576,-0.025633925518841826,-0.02015307851800677,1.6212794047536403,2.348100338931102,0.3908605938699787,0.2963227756723696,1.1069916123350663,0.03332478223097607,-0.005085906268576478,0.0268258091329923
-0.11816689500546602,-0.35513923137194253,-1.7678567616447955,0.7539086238895228,-0.26939634875880325,-0.06489628450669177,-0.05891457591143264,0.1024265838105443,-0.5675651960084123,0.015772446181721442,1.0991499300756102,-0.24821447687093876,0.6802775809725902,0.40161381819599223,0.37324319459769634,-0.00011685426061557604,0.01115623178760166,-0.02057761850552638
-0.21741574979876702,-0.6765643113512986,-1.3555563784248115,0.08871853649767658,-0.11742465992706219,0.0252314927813755,-0.20972548388423887,-0.012936360827586934,-1.0455593275273234,0.09270085806037083,-1.7027376821057647,-0.21400537863729976,0.9097091064966631,1.4189346989120426,0.9037276250186222,-0.022640744325718026,0.02300017046927361,0.03258108857383685
-0.04029379372686133,-0.5557729378531956,-1.0971524902162169,0.013402536048794685,-0.5020403329408647,0.029202233741507832,0.5007387056243975,-0.06508443226600558,0.17227070527415958,-0.003443943756119657,-2.5729168027245923,-0.198256521603311,0.5467368631352919,-1.0338506748109615,1.8889907981330436,0.004689186525940935,0.014931107952275193,-0.00877937320391556
-0.05263717725335679,-0.5485684421880306,-1.0773305769977806,0.011938950627847163,-0.4838349671004026,0.022373218815121585,0.5090561580064672,-0.03367414867534907,0.1479940860164333,-0.004521925859382301,-2.5865628428166367,-0.19918778197214212,0.5447867556752796,-1.0448751801131142,1.8718664906741658,0.0041645800057269425,-0.03175225808981111,-0.009197438755009094
-0.24475076820298564,-0.1860751130790635,-1.0180439381028648,0.5142035881042227,0.010100363366696258,0.1297064063248022,-0.3322549065731236,0.003389751547886864,-0.03177503297819647,0.03845835828682927,1.470358135588378,3.132377118616767,-0.14083572349186105,0.2850795811421845,0.899048230986587,-0.09945397245510182,0.007557677002069612,-0.0070522560832474105
-0.11523843585183831,-0.30508746115616747,-1.8050971227490709,0.5686511111332132,-0.42462767521188555,0.07677691915112819,0.3794365445116754,0.16409035037110223,-0.6423915179487257,0.07601423490490304,1.6599116730424301,0.5387302123830712,-0.1535418463335206,-0.29465567080572397,0.39926647404297966,0.0010163287402262821,0.010180964882062188,0.073269083560824
-0.12379315062328523,-0.4914715987503476,-1.2831130273044584,0.05836987384818878,-0.29239796664198253,0.08023642728022656,1.467224578948994,0.09493782213531352,-0.7996657685378634,-0.18552127423178352,-1.2090047073632675,-0.20061343813503368,0.9943820475277279,2.0006557003253156,1.0063362223127188,-0.01946095188953556,-0.0023172868385954878,0.001920664604340693
-0.0598800325358014,-0.3433747461568191,-2.0062763447094474,0.6261582195023656,-0.39706793541567675,-0.08668789326636697,0.36743030435350266,0.0902894205309405,-0.5382258245399055,0.052799268471722886,1.5208607100248603,-0.21401600805712012,0.39804938536697304,-0.26920089125855495,0.6671480146153987,0.009592182994159306,0.009867920118970513,-0.010761583372553632
-0.02060346158443372,-0.3065939625499212,-1.959915111417947,0.6901569480227174,-0.35541830281724174,-0.07987822971357095,0.5009018448096801,0.07121727676023859,-0.6416905642680468,0.0206138681618173,0.7354283428585585,-0.2225626808596933,0.4730871946411971,0.4965044733016596,0.5240230678008312,0.0031444994542292127,0.008508102074427561,-0.006885804674512932
-0.8112396746846563,-0.5205652294683117,-1.0816115418955266,0.15747067934155193,-0.3008497455988153,-0.09382722081462017,0.7521439480423538,0.11524863228352705,-0.15755698699622503,-0.09531696354682702,-2.115005511444687,-0.855307564838144,-3.190734143894792,0.7525426882480926,3.3594975416761437,0.00979998780198217,-0.025541784828898295,-0.0024429427154209382
-0.4472053467000482,-0.48722800814885586,-1.1930753594675725,0.6244207125321879,-0.23193844406777805,-0.21438063942768926,0.7473482503555956,0.40189998693455736,0.13917615028887967,-0.1257444359951577,1.589814622328675,-0.9546013667940051,-1.545420582353622,0.2929485523387144,2.7543870957242795,0.0737237931996237,-0.010843512487703351,-0.01657730159336311
-0.10034578084250095,-0.2477096356882715,-1.7873540776543813,0.5474779398990116,-0.41630420199991314,0.06796845352793308,0.40851806444715555,0.16834436002798897,-0.6459060545655742,0.0721866661885208,1.6645789572767205,0.5407090468454014,-0.1735020555611052,-0.30548855635173133,0.3550257913030468,0.0008648732164390874,-0.011919019319578691,-0.010440604082499
-0.6192016926804452,-0.5594686407306445,-1.2170490830363307,0.6111290679129928,-0.17245979763189254,-0.13283206440049797,-0.7741058578734875,-0.12804588931099625,0.14324118743029796,-0.10635278685156851,1.2437192676210211,-1.2885088950742771,-2.773544322887904,0.24636109166221393,2.3283813746137554,0.06266784549472164,-0.010061361094633667,-0.037165276495618765
-0.8669106596856807,-0.5839482706110044,-1.0455298091587877,0.11413141525586389,-0.17952305178616482,-0.08581633666215537,-0.5006542297866529,0.10570882790795544,-0.26765166521786743,-0.06531387986770683,-1.9058009476482034,-0.9367533969296332,-2.807868400895715,0.5700507506352694,2.9336068885096065,0.009811704794551727,-0.035184592293216514,-0.022316846560436237
-0.1320713787193338,-0.4192123172683364,-1.8285118076143978,0.6156781557345533,-0.26553291515042665,-0.03521801739335575,0.034533388334571015,0.05353248846925101,-0.5063755656620629,0.04905627774809576,1.6257406742509548,0.5726993922502573,-0.02377658988320856,-0.22256073349960162,0.33202814787840135,0.002571586495218912,0.009825838976617545,0.11096420838610459
-0.05588287112667982,-0.5732606664979968,-1.134905603594674,0.027967035184962383,-0.48147202462770566,0.02898624339757066,0.49859698170962585,-0.07169738073512795,0.131268616842308,-0.001636942995967606,-2.578637024132615,-0.19832568343521043,0.5583077611211289,-1.0148216020517677,1.893215831279694,0.0047873884366002855,0.015677476312744496,0.06520329824648007
-0.4489466624410611,-0.5378134650877793,-1.2329889630437598,0.6573409084998412,-0.2300865361636072,-0.20074428199145697,0.7537152709057193,0.4361135391056659,0.13586153901503212,-0.12911629015389064,1.5639280380280711,-0.9433617873223515,-1.5436523254888475,0.2933276304856841,2.7387386846767403,0.07956899408311364,0.00735687289369326,-0.015870332667418784
-0.017736145400289602,-0.5245673536233605,-1.1728401601084681,0.03208596340755619,-0.5581611495262734,-0.12352259595774961,0.5444493194004787,-0.051353219598403436,0.17456159503555457,0.006697863085638909,-2.534997853716859,-0.19913182391756426,0.5518912137324106,-1.0683362163688837,2.080654329661759,-0.020820559204440755,0.013097209213780223,-0.008599582781515378
-0.18683774083562024,-0.595523233134812,-1.2798986732530753,-0.010337303400123806,-0.12663656490657257,0.04833227426529465,-0.20952859537828586,0.03029054622178663,-1.0972817509647115,-0.12803944779766332,-1.8434444495497162,-0.21644522333833158,0.8859770919205027,1.313282795968135,0.8892159164126741,-0.02516649323806323,-0.0849635600039813,-0.006291422320781672
-0.2185484227840453,-0.3944998107327113,-1.6581864313569117,0.6296371803312532,-0.3726604480146728,0.06427360158565693,-0.10575788793896704,0.09841286782596194,-0.5322233850107847,0.06501803027784149,1.6873523890267137,-0.26352063811945253,0.7833795684227463,-0.2293673417960658,0.42541336983116035,0.0017137184274208582,0.010961914245263358,-0.018027440887099358
-0.08092526137375926,-0.18392403410188043,-1.8906520780346587,0.6333613887809174,-0.3177593977997946,-0.005248365635856586,-0.047322893283492574,0.060345863580310355,-0.47450500267750423,0.07190790511457998,1.5729123731106425,0.5423770509838461,-0.07925256737363602,-0.22979838569032252,0.512328396192396,-0.04148052075858382,0.010471448366685347,-0.016131752733247608
-0.05263717725335679,-0.5485684421880306,-1.0773305769977806,0.011938950627847163,-0.4838349671004026,0.022373218815121585,0.5090561580064672,-0.03367414867534907,0.1479940860164333,-0.004521925859382301,-2.5865628428166367,-0.19918778197214212,0.5447867556752796,-1.0448751801131142,1.8718664906741658,0.0041645800057269425,-0.03175225808981111,-0.009197438755009094
-0.15537526789384276,-0.1720759404272043,-1.7107335835390969,0.6409517060621841,-0.38266675748790346,0.18764475852424034,-0.04338786437265238,0.16255781863947866,-0.5257602220083186,0.08592668671431089,1.6877589009529652,0.5589746443578343,-0.03410038138313367,-0.24919081711979132,0.43180323140555243,-0.02831727613360044,0.01300909141635986,-0.010314561040731604
-0.05588287112667982,-0.5732606664979968,-1.134905603594674,0.027967035184962383,-0.48147202462770566,0.02898624339757066,0.49859698170962585,-0.07169738073512795,0.131268616842308,-0.001636942995967606,-2.578637024132615,-0.19832568343521043,0.5583077611211289,-1.0148216020517677,1.893215831279694,0.0047873884366002855,0.015677476312744496,0.06520329824648007
-0.14859315180800606,-0.3611456989371102,-1.832686654837488,0.5664932789090693,-0.44891267105499205,0.0522136478520225,0.42787724645651953,0.20110237557004873,-0.5703463255687853,0.030397688439054722,1.5756083973565218,-0.22816569647056592,0.565817311478407,-0.30454987016225016,0.5475959654603637,-0.03940910006288034,0.010807920793439792,-0.01073383008002539
-0.1404967053963251,-0.5852475307826959,-1.3915377273895206,0.09992170388510464,-0.27469326050057835,-0.004035687402070092,1.4866645862218044,0.07216111490759407,-0.7422098677287186,0.13110307543705413,-0.9499697293340847,-0.19277041198501146,0.9904542641864114,1.9438392156877642,1.0813753085648872,-0.00793424761495528,0.008992122033490917,0.02108794387650473
-0.11737915614456385,-0.34186455277483774,-1.8304513136421343,0.5825751611327451,-0.44800669801883836,0.06468230008536457,0.4149527178301512,0.18565443724118746,-0.5974362063351322,0.07213973799153031,1.6424103802193897,-0.22591277628478526,0.544589587807982,-0.29171961171003274,0.5489868471604148,0.003472878186113402,0.010849763568747775,-0.010839329646648844
-0.852328916351599,-0.6969119937733145,-1.0531615072728504,0.1305105786071133,-0.14117775485546058,-0.07380424630119273,-0.45572431671376623,0.26581242929550913,-0.31267707149579327,-0.07026540757593583,-2.1464444328127663,-0.8671012973820355,-2.8116421731903487,0.5585736478292573,3.309863978886692,0.015806112247682462,0.030296857004774434,-0.022920319479306873
-0.8112396746846563,-0.5205652294683117,-1.0816115418955266,0.15747067934155193,-0.3008497455988153,-0.09382722081462017,0.7521439480423538,0.11524863228352705,-0.15755698699622503,-0.09531696354682702,-2.115005511444687,-0.855307564838144,-3.190734143894792,0.7525426882480926,3.3594975416761437,0.00979998780198217,-0.025541784828898295,-0.0024429427154209382
-0.1457399923694605,-0.6862250736648553,-1.3857885197645545,-0.011642071198586285,-0.12564357371664706,-0.006792375237504163,-0.0547697725925408,0.14019411912494592,-1.083191530389074,-0.12342481305489267,-1.7555742816826203,-0.20596505062462106,0.8829961244492849,1.231689519922543,0.9396600316511737,-0.011971631660986052,0.035781786456550606,0.04644460435182237
-0.07386664173488805,-0.29562115945425754,-1.7592468142029176,0.6324078507902966,-0.3978239104205495,0.059072091681226666,0.5898352356038595,0.22253675036960413,-0.6926501507533244,0.03661914970272185,0.7899651025708536,-0.2351417794736472,0.6150554934003188,0.5317896913163531,0.38717026607202754,-0.0008655390040000872,-0.009950556373671876,-0.009247580090029291
-0.048638517627961494,-0.5558619479934417,-1.1260365345284822,0.03249561937961798,-0.47300514581762065,0.022057602889140222,0.5287718732220087,-0.08666704456014669,0.18163236698384272,0.11398941286389425,-2.481342825775667,-0.1968315876644317,0.5535945454145906,-1.079265380733139,1.8894672856424144,0.00538794312418267,0.016350152710902406,0.06393968247032146
-0.13211158142649443,-0.45518901531717565,-1.7818070532187773,0.7707038850644202,-0.2815242480537161,-0.09625024106671975,-0.016811387009349393,0.1120992794407292,-0.5264042790076292,0.011882047275686432,1.0415355871620813,-0.24327905467325656,0.6541023998166879,0.4133458275532938,0.3857217852671203,0.0006206538567994404,0.008889238892339689,0.1011803221106167
-0.06420050389358753,-0.9100892404772177,-1.3905011188962848,-0.04371604714913152,-0.35653056757071244,0.0330778228080984,-0.14415926227175324,-0.07600394624704823,-0.11147112094522342,0.016156919616217107,-2.6521621560442594,-0.2132936992027877,0.6244587543731883,-0.6797843197327084,1.7784745854742976,0.008024519525309158,0.016210590577097252,-0.01112037661008916
-0.4410340754472369,-0.5431640330324681,-1.2315674815921092,0.6477655974885299,-0.2310995843613719,-0.2042609586506792,0.7331600096154297,0.43413604092252805,0.1238356013063747,-0.12627428520832085,1.5831719822916492,-0.9281954448034344,-1.5474984988934075,0.2887581647140237,2.7755731325932613,0.07711777551156548,0.006858124871512704,0.03942209934085729
-0.05263717725335679,-0.5485684421880306,-1.0773305769977806,0.011938950627847163,-0.4838349671004026,0.022373218815121585,0.5090561580064672,-0.03367414867534907,0.1479940860164333,-0.004521925859382301,-2.5865628428166367,-0.19918778197214212,0.5447867556752796,-1.0448751801131142,1.8718664906741658,0.0041645800057269425,-0.03175225808981111,-0.009197438755009094
-0.06193243731397197,-0.15303059624571158,-1.853444612991976,0.7085687996769577,-0.26221471690461073,0.017317044836497247,-0.0780817016719115,0.04211111123419412,-0.6035478815445097,0.036179489931618174,1.1803526468475614,0.546211377773524,-0.03980927062227464,0.399949238745902,0.34929986822925235,0.0004159087240063829,0.010581865060032091,-0.008888633764613367
-0.1262547979058874,-0.4800490808873587,-1.2577161007077493,0.04752791479716618,-0.28317834875803455,0.05652282763822632,1.5418099471480384,0.12335726488208054,-0.7939795105597108,-0.19179118862246733,-1.2043621949181296,-0.20154135811123286,1.0016517136187337,2.0244544523301546,0.9970899546037146,-0.01944946018615144,-0.014177395573686023,0.00012286121228439163
-0.07878343668921253,-0.9532550976636066,-1.423027141459167,-0.031357172620222536,-0.32785393031583804,0.025777316245203102,-0.1650852677203954,-0.11242713680364402,-0.11301606669393219,0.0803095787778239,-2.6100848823792,-0.21173924443973816,0.617256211263422,-0.7128634784643727,1.7678011760040453,0.00919500462902218,0.016497949208323825,0.06602645245488334
-0.20884049791226575,-0.3359942671229106,-1.5749382988923641,0.6860072354051505,-0.3094427723524449,0.09532447913164314,-0.02084198187401364,0.09796689207302722,-0.6523150555795867,0.021890758627147542,1.1414219790279407,0.6214674744204622,0.03330028513173387,0.44234484848387057,0.11048117118366553,-0.0040200439466101185,0.010373137632295457,0.08251882322992206
-0.10800837618617838,-0.33920395071900594,-1.7948125669223773,0.5728865342763408,-0.44171230150240054,0.04001586720010805,0.4320760941320007,0.18619489538130715,-0.6026193887132005,0.07000591625186031,1.6523204644553933,-0.22532007060690687,0.5265137707976357,-0.29298393134385714,0.5422381504533335,0.0034323185057350044,-0.012277478145296632,-0.012041780647833898
-0.15788154157488724,0.32254426200227587,-1.0967655812829924,0.44032642474793254,-0.045124606826258934,0.17777413253096508,0.7387373150712466,-0.0016717446901013434,-0.013026461255300065,-0.02061312585064844,1.6175101701454926,2.362382824307645,0.41361700454130407,0.30579076288254975,1.0929014912442498,0.034240747469127475,-0.005020111816087407,0.0009822050201819593
-0.04029379372686133,-0.5557729378531956,-1.0971524902162169,0.013402536048794685,-0.5020403329408647,0.029202233741507832,0.5007387056243975,-0.06508443226600558,0.17227070527415958,-0.003443943756119657,-2.5729168027245923,-0.198256521603311,0.5467368631352919,-1.0338506748109615,1.8889907981330436,0.004689186525940935,0.014931107952275193,-0.00877937320391556
-0.1416524599493387,-0.40275142610752973,-1.819801314291545,0.6587160166397457,-0.31013920985724674,-0.044534330104182694,-0.023966481750442657,0.1077834571028029,-0.4663470666752881,0.055590960687603656,1.602263877287379,-0.2417293127684321,0.6716530374136633,-0.22707418812717223,0.5359830713201605,-0.029614109600802147,0.011720709431402668,-0.022730397317497163
-0.086396774317268,-0.42783377935359757,-2.0001595891255244,0.6348997089361489,-0.40208181108077856,-0.11993972647763941,0.3462200651942139,0.08345689115724861,-0.5033010274305992,0.021373227862527832,1.463615811849187,-0.2127424215258771,0.367066280162232,-0.2696657262747606,0.6807033933714992,0.01047427324162889,0.009269163874922826,0.06507953993643613
-0.1404967053963251,-0.5852475307826959,-1.3915377273895206,0.09992170388510464,-0.27469326050057835,-0.004035687402070092,1.4866645862218044,0.07216111490759407,-0.7422098677287186,0.13110307543705413,-0.9499697293340847,-0.19277041198501146,0.9904542641864114,1.9438392156877642,1.0813753085648872,-0.00793424761495528,0.008992122033490917,0.02108794387650473
-0.10800837618617838,-0.33920395071900594,-1.7948125669223773,0.5728865342763408,-0.44171230150240054,0.04001586720010805,0.4320760941320007,0.18619489538130715,-0.6026193887132005,0.07000591625186031,1.6523204644553933,-0.22532007060690687,0.5265137707976357,-0.29298393134385714,0.5422381504533335,0.0034323185057350044,-0.012277478145296632,-0.012041780647833898
-0.045445692042444204,-0.3946969084666727,-1.9597671249276374,0.6989610855115022,-0.3635817233075605,-0.12005840270152501,0.47933194296309345,0.06302436241738199,-0.6060329902008262,0.01796416315551998,0.6299692244402452,-0.21821926600231473,0.4427584615730742,0.5076800126978439,0.5369257867696436,0.002460507217286717,0.007564426693793546,0.05119963420959008
-0.086396774317268,-0.42783377935359757,-2.0001595891255244,0.6348997089361489,-0.40208181108077856,-0.11993972647763941,0.3462200651942139,0.08345689115724861,-0.5033010274305992,0.021373227862527832,1.463615811849187,-0.2127424215258771,0.367066280162232,-0.2696657262747606,0.6807033933714992,0.01047427324162889,0.009269163874922826,0.06507953993643613
-0.23294423697033878,-0.48300608857951327,-1.6567673773708802,0.6455879153037416,-0.37855344136281055,0.043362790909452865,-0.07887360653619645,0.08024769867733546,-0.5050598878517861,0.021424590250903902,1.6623472865942523,-0.26099767379197725,0.7478225837414415,-0.23421308309883382,0.4532224814893847,0.0033947651099231154,0.009625739741551946,0.10008371041097588
-0.21565244015240218,-0.39491951040078166,-1.6396286401864333,0.6145225362101032,-0.3445372084947877,0.07537934791379514,0.0016509094539545494,0.0771344228416543,-0.5530088866141959,0.023248050346627126,1.6978804415950985,0.6038884849546998,-0.0324957349816271,-0.24453138935019986,0.2628434394814055,0.0012535111976053359,0.010172431189931183,0.09683773499554335
-0.20672993949801027,-0.42029768676160034,-1.590701412017379,0.7214936961278644,-0.34230983312428026,0.046864405524471596,-0.10176085468348751,0.0979086148340994,-0.6080132785498599,0.017595608359331383,1.098429233415136,-0.2697619982364694,0.8190335889495121,0.4263198408249834,0.3038765510639257,-0.002117365845006098,0.009833721766371704,0.09037460785036965
-0.10451628834268989,-0.49533982022952916,-1.3706746065654771,0.1552368816385939,-0.33924862716087806,-0.04704807616987645,1.5445294881053282,0.10658419545733652,-0.7321561736530887,0.14806969774009443,-0.9027015400830566,-0.1977052463012349,1.0565754035936659,2.2168725377991985,1.0792092305251897,0.032602965524519814,-0.0029898537384659292,0.0060706651936813264
-0.4768059571173215,-0.38949593626450046,-1.1917202909021953,0.6218697434638683,-0.27764270452715756,-0.12194639676403601,0.8550601590890969,-0.054437724251113276,0.3021588623750305,-0.09467549086486593,1.4491239937645461,-1.1310359046227418,-2.0075281563929988,0.30149667948832826,2.428651938601454,0.06931002240527763,0.04546086129917872,-0.014472865446465484
-0.17664783450932353,0.30663697196643097,-1.0564173627005484,0.5229541101853008,-0.17182865788029406,0.19827379155627853,0.7900517144915035,0.021996962281116018,0.006708574323004508,-0.027492663591276237,1.6253052768994654,2.699031913102882,0.3261809263129378,0.3188426510206624,0.9771333916452988,0.04363741218995157,0.028062131154268814,0.0009415248857072424
-0.12108049724890402,-0.4969509782247557,-1.280070449850159,0.05801593334795496,-0.2925963805274393,0.07305355009407238,1.4562803427249071,0.08806831366376183,-0.7963203083001876,-0.176759390749405,-1.2419480140705466,-0.20021345008679392,0.9951380688848915,1.96189011204601,1.0216424250873328,-0.01938388173939259,-0.003503236734260192,0.018108675016241357
-0.571571741448231,-0.6098624246993319,-1.1502472154229157,0.5782494642171427,-0.1238490925810033,-0.20153414452962282,-0.6621539015773267,0.5578368388465876,0.01190392960521628,-0.11331828342264207,1.4984974155798247,-1.0348385464885592,-2.1801536900809224,0.24412557976326077,2.624781574677901,0.06383406645284782,0.015398658793323201,-0.04039432101883729
-0.14859315180800606,-0.3611456989371102,-1.832686654837488,0.5664932789090693,-0.44891267105499205,0.0522136478520225,0.42787724645651953,0.20110237557004873,-0.5703463255687853,0.030397688439054722,1.5756083973565218,-0.22816569647056592,0.565817311478407,-0.30454987016225016,0.5475959654603637,-0.03940910006288034,0.010807920793439792,-0.01073383008002539
-0.1457399923694605,-0.6862250736648553,-1.3857885197645545,-0.011642071198586285,-0.12564357371664706,-0.006792375237504163,-0.0547697725925408,0.14019411912494592,-1.083191530389074,-0.12342481305489267,-1.7555742816826203,-0.20596505062462106,0.8829961244492849,1.231689519922543,0.9396600316511737,-0.011971631660986052,0.035781786456550606,0.04644460435182237
-0.8465878323155344,-0.635696800467046,-1.056829444241857,0.12724349950756592,-0.1843966143268469,-0.06628348661793075,-0.46550021681611287,0.09267382416178885,-0.2895748489855062,-0.05835056080649358,-1.8777170865760913,-0.9309471108687166,-2.835770599708151,0.5684278060450164,2.932100607387145,0.016150216353079956,0.02277091656472817,0.03499189837762855
-0.018868065524706358,-0.29656109644560175,-1.9311874328422238,0.6794815292480435,-0.3057845563132057,-0.0987560765962989,0.5230407105715787,0.07558667574133911,-0.6437351506785121,0.018038128164867866,0.7495701352839326,-0.2217334117003294,0.47387528162575254,0.49826161749255216,0.5144359692552412,0.0028974859650044175,-0.007135939457634968,-0.008054970456471383
-0.086396774317268,-0.42783377935359757,-2.0001595891255244,0.6348997089361489,-0.40208181108077856,-0.11993972647763941,0.3462200651942139,0.08345689115724861,-0.5033010274305992,0.021373227862527832,1.463615811849187,-0.2127424215258771,0.367066280162232,-0.2696657262747606,0.6807033933714992,0.01047427324162889,0.009269163874922826,0.06507953993643613
-0.17664783450932353,0.30663697196643097,-1.0564173627005484,0.5229541101853008,-0.17182865788029406,0.19827379155627853,0.7900517144915035,0.021996962281116018,0.006708574323004508,-0.027492663591276237,1.6253052768994654,2.699031913102882,0.3261809263129378,0.3188426510206624,0.9771333916452988,0.04363741218995157,0.028062131154268814,0.0009415248857072424
-0.11575309183894404,-0.2849718568321499,-1.7626514183461062,0.6288632709386137,-0.3837322632749798,0.08124252111421437,0.5328554207348996,0.1985305070437719,-0.709280595892548,0.029652134707803146,0.7063362116556533,0.5501745094299553,-0.08953483672704211,0.5524891160675462,0.23450268947793215,-0.003009370477339676,0.007208328096047234,0.05711622412267513
-0.02933780221926217,-0.5547444900584223,-1.1731691154268313,-0.007154661867561986,-0.4458511925617822,-0.011596640076513167,0.5319303302400313,0.14574143716488974,0.07996043658128842,0.002101113453909087,-2.375465381130095,-0.1942952524812965,0.5603197926740657,-0.9800154367933339,1.8358845918238051,-0.033284210813917255,0.025513494251071696,-0.009832846093349997
-0.09021508603970757,-0.20514358885723868,-1.7707311431040729,0.6126675994742347,-0.3782097251954934,0.13129484727557686,0.5338469823133454,0.20302520525861592,-0.7339746098520166,0.04410934412581202,0.8133211806880498,0.5572122023750183,-0.07641235275124468,0.5432515090899689,0.20600222916572505,-0.0032796845250918642,0.008150636641191167,-0.0015447127493625147
-0.18541877424380981,-0.3356863981328641,-1.5725081214675933,0.688053561312713,-0.31545953019692385,0.05970351912652702,-0.127707367819967,0.121173323001459,-0.6460722183635706,0.025965756453483025,1.1846787870417608,-0.2746720704996737,0.827802994431484,0.41123454483573724,0.2715241314994376,-0.0017836776099351501,-0.027201757878139395,-0.01692253482349431
-0.05263717725335679,-0.5485684421880306,-1.0773305769977806,0.011938950627847163,-0.4838349671004026,0.022373218815121585,0.5090561580064672,-0.03367414867534907,0.1479940860164333,-0.004521925859382301,-2.5865628428166367,-0.19918778197214212,0.5447867556752796,-1.0448751801131142,1.8718664906741658,0.0041645800057269425,-0.03175225808981111,-0.009197438755009094
-0.02467388538748927,-0.5445770183072123,-1.1622352356370513,-0.008466128207227221,-0.441884274059907,-0.013515041893522976,0.5461834866646981,0.12925421770285556,0.13470722113575795,0.1162381708560582,-2.2780226789657734,-0.1925689879257636,0.5595237296056974,-1.043612550109093,1.8318126671820987,-0.0353421333592717,0.026314488046999058,-0.009098547341844697
-0.21398257602262277,-0.2582468780646407,-1.6023393430609272,0.6670944373158265,-0.30074755673215103,0.12248778356982153,-0.03228382738444092,0.12016825226804256,-0.6301726813875351,0.02422846589160996,1.0868491126328965,0.63568708662501,0.053552211089191504,0.46870237781715507,0.0965983806508531,-0.012187080748418146,0.012356133954826886,-0.0077267984145163275
-0.1879161565549594,-0.2466351572413438,-1.575254736542027,0.6603843169104628,-0.30021082816014294,0.13246230137780074,-0.05216355754078501,0.11570461779549522,-0.6799372120885765,0.03726606280602678,1.2022056072493212,0.6285236701637478,0.05004317139013668,0.43424381773821585,0.07963434120751205,-0.005055750810194716,0.011611900428575076,-0.008202241462609939
-0.1481425934334951,0.3183895478251391,-1.0722720355428068,0.44050666877528166,-0.03274165578412184,0.17632909882913333,0.7155879412584647,0.031194085331085503,0.006864430323352644,-0.02727248407391861,1.5789217177946482,2.4712072415709296,0.32221016828854815,0.3110815147885138,1.1067029856872959,-0.10528021011767204,-0.006972020653873425,0.00038976580017535586
-0.02060346158443372,-0.3065939625499212,-1.959915111417947,0.6901569480227174,-0.35541830281724174,-0.07987822971357095,0.5009018448096801,0.07121727676023859,-0.6416905642680468,0.0206138681618173,0.7354283428585585,-0.2225626808596933,0.4730871946411971,0.4965044733016596,0.5240230678008312,0.0031444994542292127,0.008508102074427561,-0.006885804674512932
-0.08074675796378951,-0.6058564026704507,-1.154644238966911,-0.025536235785807097,-0.40789415119372857,-0.02252631155789851,0.5131846124627185,0.1432656103671358,0.05371114288794554,-0.003134405537845379,-2.4245381547994107,-0.19364988459854424,0.5449806269270724,-0.969978324436557,1.8093620368825223,0.009474104422618715,-0.05859609267977435,-0.010173007092610419
-0.14241962087773935,-0.41537587409037524,-1.8209904919852458,0.5927639379648388,-0.4476939968350508,0.030155191495997668,0.41175727368939186,0.18056659185254786,-0.5770995497132884,0.032823105938294295,1.5878630824810316,-0.22263906461513058,0.5141880880800417,-0.2939575286754711,0.5747075647134563,0.00450814413529971,0.010084996918519197,0.07412898285623908
-0.823694170159689,-0.5601392297864645,-1.0900747318838944,0.16687199761688154,-0.29813212130236505,-0.07833225942002356,0.7425615732987192,0.08152621817493257,-0.18421818816491034,-0.09204265056427553,-2.0561592294688715,-0.8497174734920647,-3.1665742268221124,0.7505393043122688,3.318980927832867,0.015873574626515213,0.01774790706988819,-0.0016463885340481483
-0.05292193330198089,-0.6078930194737038,-1.1626725094820252,-0.021273306345046268,-0.4387519944942419,-0.015998836616179374,0.5097378550544359,0.15007818886800484,0.09137990130498153,-0.0024687619535678834,-2.3839388350748707,-0.1924197322237569,0.5463273244813696,-0.9588331757893049,1.8331380329647595,0.010110964800240811,0.026310135453837796,-0.009872798172920883
-0.8004272599955234,-0.5886287391024887,-1.0967964804583814,0.17777440330858224,-0.2963452691126506,-0.08487996332382379,0.7478937067304575,0.08278673013852457,-0.20113885712612517,-0.09745710177092025,-1.9242663034495178,-0.8539605950777206,-3.256590473854507,0.7635783876634112,3.3556285911369765,-0.05954003813571174,0.007621745045139753,-0.0018816492823557677
-0.812852503672233,-0.5773798198578698,-1.0775035489198324,0.18572933541430628,-0.303271592530192,-0.08471330717137623,0.7557819256954552,0.09197577059740843,-0.14155890502552126,0.10169518572268843,-2.0420883803014416,-0.8441890914661284,-3.2637545812084907,0.7737864286001686,3.335018982451108,0.015812936622597317,0.017231710343382427,0.010316954705978666
-0.05432824792466356,-0.2525254183069524,-2.0052839064003156,0.5694801709799823,-0.3508800616050184,-0.06716570467867759,0.3488090014532387,0.044366456392232315,-0.5695392702793174,0.058540870202798474,1.5288873029647483,0.5240718780279802,-0.18813862136938178,-0.2802704117562162,0.4620746162373419,0.0054271423118163456,0.00998642605091637,-0.010141388967201416
-0.4410340754472369,-0.5431640330324681,-1.2315674815921092,0.6477655974885299,-0.2310995843613719,-0.2042609586506792,0.7331600096154297,0.43413604092252805,0.1238356013063747,-0.12627428520832085,1.5831719822916492,-0.9281954448034344,-1.5474984988934075,0.2887581647140237,2.7755731325932613,0.07711777551156548,0.006858124871512704,0.03942209934085729
-0.1950098126792831,-0.3164855651327259,-1.6184089915725721,0.5847339436426165,-0.3194871548156197,0.08143613590966275,-0.020151155896346685,0.09979720925721845,-0.5943988043377777,0.061411270340956975,1.732140174069337,0.6059543034848794,-0.02440646703403401,-0.24170687451986586,0.22673700419861811,0.0013414925797332693,-0.023596545680959674,-0.016529328480534455
